filename	event_label	onset	offset
Y--4gqARaEJE_0.000_10.000.wav	Dog	5.500	6.160
Y--i-y1v8Hy8_0.000_9.000.wav	Alarm_bell_ringing	7.080	8.040
Y--i-y1v8Hy8_0.000_9.000.wav	Cat	2.580	4.520
Y--i-y1v8Hy8_0.000_9.000.wav	Dog	0.660	2.900
Y-0CamVQdP_Y_0.000_6.000.wav	Speech	5.020	6.020
Y-0nqfRcnAYE_370.000_380.000.wav	Speech	0.000	1.940
Y-0nqfRcnAYE_370.000_380.000.wav	Speech	4.540	10.020
Y-0p7hKXZ1ww_30.000_40.000.wav	Frying	0.980	4.220
Y-0p7hKXZ1ww_30.000_40.000.wav	Speech	0.000	0.660
Y-0p7hKXZ1ww_30.000_40.000.wav	Speech	1.300	2.280
Y-0p7hKXZ1ww_30.000_40.000.wav	Speech	3.240	4.540
Y-0p7hKXZ1ww_30.000_40.000.wav	Speech	6.480	8.100
Y-0yRK50zyTI_30.000_40.000.wav	Dishes	1.300	3.560
Y-0yRK50zyTI_30.000_40.000.wav	Dishes	5.820	10.020
Y-0yRK50zyTI_30.000_40.000.wav	Frying	0.980	3.560
Y-0yRK50zyTI_30.000_40.000.wav	Frying	4.860	9.060
Y-0yRK50zyTI_30.000_40.000.wav	Speech	0.340	0.980
Y-0yRK50zyTI_30.000_40.000.wav	Speech	3.560	4.860
Y-0yRK50zyTI_30.000_40.000.wav	Speech	7.120	7.760
Y-1Hub6Ps_cc_10.000_20.000.wav	Frying	0.000	10.020
Y-1Hub6Ps_cc_10.000_20.000.wav	Speech	0.000	1.940
Y-1Hub6Ps_cc_10.000_20.000.wav	Speech	3.560	5.180
Y-1LQP2wemiQ_30.000_40.000.wav	Alarm_bell_ringing	7.440	8.100
Y-1LQP2wemiQ_30.000_40.000.wav	Speech	0.660	7.440
Y-1LQP2wemiQ_30.000_40.000.wav	Speech	8.100	10.020
Y-1nilez17Dg_30.000_40.000.wav	Speech	2.920	10.020
Y-1pPw9zZopA_190.000_200.000.wav	Speech	0.000	2.280
Y-1pPw9zZopA_190.000_200.000.wav	Speech	3.880	5.180
Y-1pPw9zZopA_190.000_200.000.wav	Speech	5.500	6.480
Y-1pPw9zZopA_190.000_200.000.wav	Speech	8.100	10.020
Y-21_SXelVNo_30.000_40.000.wav	Dishes	3.240	4.540
Y-21_SXelVNo_30.000_40.000.wav	Dishes	4.860	7.760
Y-21_SXelVNo_30.000_40.000.wav	Dishes	8.100	9.060
Y-21_SXelVNo_30.000_40.000.wav	Frying	0.340	2.600
Y-21_SXelVNo_30.000_40.000.wav	Frying	3.240	7.760
Y-21_SXelVNo_30.000_40.000.wav	Speech	0.000	1.300
Y-21_SXelVNo_30.000_40.000.wav	Speech	2.600	3.560
Y-2RPPODqLy4_30.000_40.000.wav	Speech	1.940	4.860
Y-2RPPODqLy4_30.000_40.000.wav	Speech	5.180	7.760
Y-2RPPODqLy4_30.000_40.000.wav	Speech	8.100	9.380
Y-36qTeAdDMI_130.000_140.000.wav	Alarm_bell_ringing	6.160	10.020
Y-36qTeAdDMI_130.000_140.000.wav	Speech	0.340	3.240
Y-8Mzg0pjOzc_30.000_40.000.wav	Speech	0.000	10.020
Y-8pCMgGKZY8_12.000_22.000.wav	Speech	0.660	1.300
Y-8pCMgGKZY8_12.000_22.000.wav	Speech	2.260	2.900
Y-9byM5-ih2M_0.000_10.000.wav	Cat	1.660	2.660
Y-9byM5-ih2M_0.000_10.000.wav	Dog	1.340	1.660
Y-9byM5-ih2M_0.000_10.000.wav	Dog	2.660	4.980
Y-9byM5-ih2M_0.000_10.000.wav	Speech	7.620	8.940
Y-a0drwQsrso_310.000_320.000.wav	Speech	1.940	2.920
Y-a0drwQsrso_310.000_320.000.wav	Speech	3.240	5.500
Y-A3zsFeU_OI_30.000_40.000.wav	Speech	0.000	0.980
Y-adm_P3xa0s_10.000_20.000.wav	Speech	5.500	6.480
Y-AeiYb4vDK0_340.000_350.000.wav	Speech	3.880	5.180
Y-bNJ9olw-OE_540.000_550.000.wav	Electric_shaver_toothbrush	0.340	4.540
Y-bNJ9olw-OE_540.000_550.000.wav	Speech	0.000	0.340
Y-bNJ9olw-OE_540.000_550.000.wav	Speech	4.860	10.020
Y-Bx_-I7sB5k_160.000_170.000.wav	Speech	0.660	3.560
Y-Bx_-I7sB5k_160.000_170.000.wav	Speech	5.180	5.820
Y-BY64_p-vtM_30.000_40.000.wav	Speech	0.660	1.940
Y-BY64_p-vtM_30.000_40.000.wav	Speech	2.280	3.880
Y-BY64_p-vtM_30.000_40.000.wav	Speech	6.800	10.020
Y-Cdx8zogHI0_260.000_270.000.wav	Alarm_bell_ringing	7.440	10.020
Y-Cdx8zogHI0_260.000_270.000.wav	Running_water	0.000	1.940
Y-Cdx8zogHI0_260.000_270.000.wav	Running_water	2.600	6.480
Y-D--GWwca0g_130.000_140.000.wav	Dog	7.120	9.380
Y-D--GWwca0g_130.000_140.000.wav	Speech	4.540	5.180
Y-DSNfC2EJhU_20.000_30.000.wav	Running_water	0.000	5.500
Y-DSNfC2EJhU_20.000_30.000.wav	Running_water	7.120	10.020
Y-fAGzY9rnaA_30.000_40.000.wav	Speech	0.000	5.820
Y-fAGzY9rnaA_30.000_40.000.wav	Speech	6.480	10.020
Y-fmmdkXn5YA_210.000_220.000.wav	Dog	2.600	7.120
Y-FoTxwPOz3U_0.000_10.000.wav	Dog	8.420	9.380
Y-FoTxwPOz3U_0.000_10.000.wav	Speech	5.180	7.120
Y-FoTxwPOz3U_0.000_10.000.wav	Speech	7.440	8.420
Y-FoTxwPOz3U_0.000_10.000.wav	Speech	9.380	10.020
Y-fz6omiAhZ8_40.000_50.000.wav	Speech	0.660	2.280
Y-fz6omiAhZ8_40.000_50.000.wav	Speech	3.240	7.440
Y-fz6omiAhZ8_40.000_50.000.wav	Speech	7.760	10.020
Y-gAzofSmRiY_21.000_31.000.wav	Speech	6.260	7.240
Y-Gr9P8Abnlk_110.000_120.000.wav	Running_water	2.920	5.180
Y-Gr9P8Abnlk_110.000_120.000.wav	Speech	0.000	0.980
Y-gSfPQqi6nI_30.000_40.000.wav	Cat	1.300	2.280
Y-gz_moHFwl4_16.000_26.000.wav	Speech	0.000	2.920
Y-gz_moHFwl4_16.000_26.000.wav	Speech	4.860	6.480
Y-hA3ZkfDz30_500.000_510.000.wav	Speech	0.000	1.300
Y-hA3ZkfDz30_500.000_510.000.wav	Speech	2.280	2.920
Y-hA3ZkfDz30_500.000_510.000.wav	Speech	3.240	6.160
Y-hA3ZkfDz30_500.000_510.000.wav	Vacuum_cleaner	7.440	10.020
Y-hJ1YTZ5AGI_30.000_40.000.wav	Speech	0.000	3.240
Y-hJ1YTZ5AGI_30.000_40.000.wav	Speech	3.560	5.180
Y-hJ1YTZ5AGI_30.000_40.000.wav	Speech	5.500	10.020
Y-hss7xpzIVc_30.000_40.000.wav	Speech	0.000	2.280
Y-hss7xpzIVc_30.000_40.000.wav	Speech	2.920	10.020
Y-Irh7_N5Kjs_2.000_12.000.wav	Speech	4.860	5.840
Y-jaY3LS3Dv0_30.000_40.000.wav	Speech	0.000	0.980
Y-jaY3LS3Dv0_30.000_40.000.wav	Speech	7.760	10.020
Y-jDJ7EqnT2s_170.000_180.000.wav	Running_water	0.000	0.980
Y-jDJ7EqnT2s_170.000_180.000.wav	Running_water	8.740	10.020
Y-jDJ7EqnT2s_170.000_180.000.wav	Speech	2.280	2.600
Y-jDJ7EqnT2s_170.000_180.000.wav	Speech	3.560	5.180
Y-jDJ7EqnT2s_170.000_180.000.wav	Speech	7.120	8.100
Y-jZENGDFArw_80.000_90.000.wav	Speech	0.980	2.280
Y-jZENGDFArw_80.000_90.000.wav	Speech	3.560	4.860
Y-k-hxP5eWko_30.000_40.000.wav	Blender	0.000	1.500
Y-kWlE2dkoxc_170.000_180.000.wav	Vacuum_cleaner	0.000	10.020
Y-LgxtcD700E_30.000_40.000.wav	Speech	0.000	0.660
Y-LgxtcD700E_30.000_40.000.wav	Speech	0.980	7.120
Y-LgxtcD700E_30.000_40.000.wav	Speech	7.760	10.020
Y-lJctvybAJ8_30.000_40.000.wav	Alarm_bell_ringing	0.980	2.920
Y-lJctvybAJ8_30.000_40.000.wav	Speech	4.220	5.180
Y-lJctvybAJ8_30.000_40.000.wav	Speech	6.800	10.020
Y-lK7eYXq2ZQ_30.000_40.000.wav	Speech	0.000	5.500
Y-lK7eYXq2ZQ_30.000_40.000.wav	Speech	6.160	10.020
Y-M7ZNV6gLo0_310.000_320.000.wav	Speech	5.180	5.820
Y-M7ZNV6gLo0_310.000_320.000.wav	Speech	7.120	7.440
Y-M7ZNV6gLo0_310.000_320.000.wav	Speech	8.740	10.020
Y-mN6UH1Gd40_30.000_40.000.wav	Speech	0.000	2.920
Y-mN6UH1Gd40_30.000_40.000.wav	Speech	5.500	10.020
Y-mpapCZXors_330.000_340.000.wav	Speech	2.920	4.540
Y-nJbGyPg6BY_60.000_70.000.wav	Speech	0.000	3.240
Y-nJbGyPg6BY_60.000_70.000.wav	Speech	9.060	9.700
Y-NrseuJrJ6k_30.000_40.000.wav	Running_water	0.340	6.480
Y-NrseuJrJ6k_30.000_40.000.wav	Running_water	7.760	9.700
Y-NrseuJrJ6k_30.000_40.000.wav	Speech	0.660	0.980
Y-NrseuJrJ6k_30.000_40.000.wav	Speech	6.800	7.760
Y-OeV4dPAQiw_30.000_40.000.wav	Speech	0.000	9.060
Y-pDS3yN4B1s_50.000_60.000.wav	Cat	1.300	1.940
Y-pDS3yN4B1s_50.000_60.000.wav	Dog	9.380	10.020
Y-PyXfNxnHKs_110.000_120.000.wav	Speech	0.000	6.160
Y-PyXfNxnHKs_110.000_120.000.wav	Speech	8.100	10.020
Y-q56v8eoD2I_30.000_40.000.wav	Alarm_bell_ringing	0.000	3.560
Y-q56v8eoD2I_30.000_40.000.wav	Speech	3.560	4.860
Y-q56v8eoD2I_30.000_40.000.wav	Speech	5.500	6.160
Y-q56v8eoD2I_30.000_40.000.wav	Speech	7.120	7.760
Y-q56v8eoD2I_30.000_40.000.wav	Speech	8.740	9.700
Y-qfsR2ZEUcw_30.000_40.000.wav	Electric_shaver_toothbrush	1.620	3.240
Y-qfsR2ZEUcw_30.000_40.000.wav	Electric_shaver_toothbrush	5.820	6.800
Y-qfsR2ZEUcw_30.000_40.000.wav	Speech	0.000	1.940
Y-qfsR2ZEUcw_30.000_40.000.wav	Speech	3.240	5.820
Y-qfsR2ZEUcw_30.000_40.000.wav	Speech	6.800	10.020
Y-qpgeVTesdE_470.000_480.000.wav	Speech	0.000	1.620
Y-rrK6gbh3so_0.000_10.000.wav	Speech	2.280	6.160
Y-rrK6gbh3so_0.000_10.000.wav	Speech	6.480	10.020
Y-Sd-j0rKeKw_30.000_40.000.wav	Speech	0.000	1.620
Y-Sd-j0rKeKw_30.000_40.000.wav	Speech	2.920	4.220
Y-Sd-j0rKeKw_30.000_40.000.wav	Speech	9.060	10.020
Y-sPPlSb2CCo_30.000_40.000.wav	Speech	1.940	3.240
Y-sPPlSb2CCo_30.000_40.000.wav	Speech	4.860	5.820
Y-TN-8OnbpPQ_170.000_180.000.wav	Speech	0.000	2.600
Y-TN-8OnbpPQ_170.000_180.000.wav	Speech	8.420	10.020
Y-TxhuS0jsI4_70.000_80.000.wav	Dog	0.980	5.500
Y-UFvq4-iS-Y_580.000_590.000.wav	Speech	0.000	0.340
Y-UFvq4-iS-Y_580.000_590.000.wav	Speech	1.300	3.560
Y-UFvq4-iS-Y_580.000_590.000.wav	Speech	4.860	5.820
Y-UFvq4-iS-Y_580.000_590.000.wav	Speech	6.800	8.100
Y-UFvq4-iS-Y_580.000_590.000.wav	Speech	8.740	9.700
Y-UKH_6moRZc_180.000_190.000.wav	Cat	7.440	9.060
Y-UKH_6moRZc_180.000_190.000.wav	Speech	1.940	3.240
Y-UKH_6moRZc_180.000_190.000.wav	Speech	4.860	6.160
Y-UKH_6moRZc_180.000_190.000.wav	Speech	9.060	10.020
Y-UoPcgmbIkk_30.000_40.000.wav	Speech	0.000	4.540
Y-UoPcgmbIkk_30.000_40.000.wav	Speech	4.860	8.740
Y-UoPcgmbIkk_30.000_40.000.wav	Speech	9.380	10.020
Y-UTdhK0lwuw_30.000_40.000.wav	Running_water	0.000	9.380
Y-vZ-_4oFCzs_17.000_27.000.wav	Cat	3.240	4.540
Y-vZ-_4oFCzs_17.000_27.000.wav	Cat	6.160	7.120
Y-wQ8El8J_dE_30.000_40.000.wav	Speech	0.660	2.280
Y-wQ8El8J_dE_30.000_40.000.wav	Speech	3.880	8.100
Y-wQ8El8J_dE_30.000_40.000.wav	Speech	8.740	10.020
Y-xfgovG6-KU_30.000_40.000.wav	Speech	0.340	0.660
Y-xfgovG6-KU_30.000_40.000.wav	Speech	1.620	2.920
Y-xfgovG6-KU_30.000_40.000.wav	Speech	5.820	7.440
Y-xfgovG6-KU_30.000_40.000.wav	Speech	8.100	9.060
Y-XZBpMKRhok_10.000_20.000.wav	Blender	3.880	10.020
Y-XZBpMKRhok_10.000_20.000.wav	Frying	0.340	2.600
Y-XZBpMKRhok_10.000_20.000.wav	Speech	0.000	2.600
Y-YAyjUL7_xo_200.000_210.000.wav	Frying	5.820	10.020
Y-YAyjUL7_xo_200.000_210.000.wav	Speech	2.920	6.160
Y-YRJHtktT1g_170.000_180.000.wav	Speech	1.300	2.280
Y-YRJHtktT1g_170.000_180.000.wav	Speech	3.240	7.440
Y-YRJHtktT1g_170.000_180.000.wav	Speech	9.060	9.380
Y-yrutqBKk-U_30.000_40.000.wav	Speech	0.000	0.980
Y-yrutqBKk-U_30.000_40.000.wav	Speech	1.620	3.240
Y-yrutqBKk-U_30.000_40.000.wav	Speech	4.540	7.440
Y-yrutqBKk-U_30.000_40.000.wav	Speech	9.060	10.020
Y-z4OZ7ls5Bo_540.000_550.000.wav	Speech	0.000	0.980
Y-z4OZ7ls5Bo_540.000_550.000.wav	Speech	3.560	3.880
Y-z4OZ7ls5Bo_540.000_550.000.wav	Speech	4.860	6.160
Y-zCtwbk005g_30.000_40.000.wav	Cat	0.000	0.340
Y-zCtwbk005g_30.000_40.000.wav	Cat	5.500	5.820
Y-zgGL2o1jqw_80.000_90.000.wav	Running_water	1.620	5.500
Y-ZJqu_4zLMc_30.000_40.000.wav	Speech	0.000	0.340
Y-ZJqu_4zLMc_30.000_40.000.wav	Speech	3.880	5.180
Y-ZJqu_4zLMc_30.000_40.000.wav	Speech	5.820	6.480
Y-_HXiz8XnV0_580.000_590.000.wav	Speech	0.000	0.340
Y0-Hzui4Qpl4_40.000_50.000.wav	Speech	0.000	1.300
Y0-N62G9etNE_30.000_40.000.wav	Speech	8.100	10.020
Y01SaXyGY5SM_30.000_40.000.wav	Cat	4.220	4.860
Y01SaXyGY5SM_30.000_40.000.wav	Cat	8.100	10.020
Y01SaXyGY5SM_30.000_40.000.wav	Speech	2.920	3.560
Y02-0m4RbDUI_30.000_40.000.wav	Speech	0.000	10.020
Y03zeVlBWhdY_30.000_40.000.wav	Dog	0.980	7.760
Y04ChQ0fqzxQ_120.000_130.000.wav	Speech	0.340	7.440
Y04ChQ0fqzxQ_120.000_130.000.wav	Speech	8.100	8.740
Y04ISXje8c_g_11.000_21.000.wav	Speech	0.000	9.260
Y055kC3FYxK0_11.000_21.000.wav	Speech	6.500	8.120
Y077aWlQn6XI_30.000_40.000.wav	Blender	0.000	0.660
Y077aWlQn6XI_30.000_40.000.wav	Blender	1.300	3.880
Y077aWlQn6XI_30.000_40.000.wav	Blender	4.860	6.480
Y077aWlQn6XI_30.000_40.000.wav	Blender	7.440	10.020
Y077aWlQn6XI_30.000_40.000.wav	Speech	3.880	4.860
Y077aWlQn6XI_30.000_40.000.wav	Speech	6.480	7.440
Y07mCK08xGRc_10.000_20.000.wav	Speech	6.760	9.320
Y08pYl8L1y-g_50.000_60.000.wav	Speech	0.000	7.760
Y08Ua8a01P5g_13.000_23.000.wav	Speech	7.260	9.240
Y097K1uMIPyQ_30.000_40.000.wav	Speech	0.000	2.920
Y097K1uMIPyQ_30.000_40.000.wav	Speech	3.560	9.380
Y09RRavdW3C0_30.000_40.000.wav	Speech	0.660	1.940
Y09RRavdW3C0_30.000_40.000.wav	Speech	3.240	4.220
Y09RRavdW3C0_30.000_40.000.wav	Speech	5.820	6.480
Y09RRavdW3C0_30.000_40.000.wav	Speech	7.760	8.740
Y0AA0R8gbxcI_30.000_40.000.wav	Blender	0.000	10.020
Y0AkRWunFZPk_190.000_200.000.wav	Speech	0.660	1.300
Y0AkRWunFZPk_190.000_200.000.wav	Speech	1.620	3.560
Y0AkRWunFZPk_190.000_200.000.wav	Speech	5.180	6.480
Y0BgI0XxW0kE_340.000_350.000.wav	Speech	1.620	2.280
Y0bO6DhC2tlU_110.000_120.000.wav	Speech	7.760	8.740
Y0D9ZiiYArKw_30.000_40.000.wav	Speech	0.000	10.020
Y0dXtmlR1Lm0_30.000_40.000.wav	Speech	0.340	1.620
Y0dXtmlR1Lm0_30.000_40.000.wav	Speech	2.600	3.560
Y0dXtmlR1Lm0_30.000_40.000.wav	Speech	5.180	7.760
Y0EI7FxbdsUE_410.000_420.000.wav	Frying	4.860	7.440
Y0EI7FxbdsUE_410.000_420.000.wav	Speech	1.300	2.920
Y0EI7FxbdsUE_410.000_420.000.wav	Speech	3.880	4.860
Y0EI7FxbdsUE_410.000_420.000.wav	Speech	6.800	9.060
Y0foC-4n-eH0_0.000_8.000.wav	Dog	6.500	7.140
Y0H25ve3qts4_1.000_11.000.wav	Speech	0.000	3.220
Y0H25ve3qts4_1.000_11.000.wav	Speech	5.800	9.000
Y0IMxRf5KZBY_30.000_40.000.wav	Speech	9.700	10.020
Y0J3wJhQVOII_260.000_270.000.wav	Speech	0.000	8.100
Y0J3wJhQVOII_260.000_270.000.wav	Speech	8.420	10.020
Y0JKxC7qrgt0_80.000_90.000.wav	Speech	7.120	8.100
Y0JKxC7qrgt0_80.000_90.000.wav	Speech	9.060	9.380
Y0LTmV_dOmmo_30.000_40.000.wav	Dishes	4.540	7.440
Y0LTmV_dOmmo_30.000_40.000.wav	Speech	7.120	8.420
Y0Mba3BS1oRM_30.000_40.000.wav	Speech	0.000	0.980
Y0Mba3BS1oRM_30.000_40.000.wav	Speech	1.620	3.560
Y0Mba3BS1oRM_30.000_40.000.wav	Speech	4.540	5.180
Y0Mba3BS1oRM_30.000_40.000.wav	Speech	5.500	8.420
Y0Mba3BS1oRM_30.000_40.000.wav	Speech	9.060	10.020
Y0MEPG8c0jqk_490.000_500.000.wav	Speech	1.620	2.600
Y0N17tEW_WEU_30.000_40.000.wav	Speech	0.000	10.020
Y0OFlTh2_Obo_30.000_40.000.wav	Dog	0.660	4.220
Y0OFlTh2_Obo_30.000_40.000.wav	Dog	6.800	10.020
Y0oI0BvmTLvA_20.000_30.000.wav	Alarm_bell_ringing	0.340	1.620
Y0oI0BvmTLvA_20.000_30.000.wav	Alarm_bell_ringing	6.480	8.740
Y0oudYrPGNN8_30.000_40.000.wav	Alarm_bell_ringing	2.600	4.860
Y0oudYrPGNN8_30.000_40.000.wav	Alarm_bell_ringing	5.180	7.120
Y0oudYrPGNN8_30.000_40.000.wav	Speech	0.660	1.620
Y0oudYrPGNN8_30.000_40.000.wav	Speech	7.120	8.420
Y0oudYrPGNN8_30.000_40.000.wav	Speech	8.740	10.020
Y0QTme5iyg4A_160.000_170.000.wav	Speech	0.980	3.880
Y0QTme5iyg4A_160.000_170.000.wav	Speech	5.180	8.100
Y0QTme5iyg4A_160.000_170.000.wav	Speech	8.420	10.020
Y0s6Vt4i3iiQ_40.000_50.000.wav	Electric_shaver_toothbrush	8.420	9.060
Y0Wkk9iNzA9c_30.000_40.000.wav	Dog	2.940	4.240
Y17WW_p1N7BQ_30.000_40.000.wav	Cat	0.980	1.940
Y17WW_p1N7BQ_30.000_40.000.wav	Cat	2.280	3.240
Y17WW_p1N7BQ_30.000_40.000.wav	Cat	3.880	4.540
Y17WW_p1N7BQ_30.000_40.000.wav	Cat	8.740	9.060
Y17WW_p1N7BQ_30.000_40.000.wav	Speech	0.000	0.980
Y17WW_p1N7BQ_30.000_40.000.wav	Speech	4.540	6.160
Y17WW_p1N7BQ_30.000_40.000.wav	Speech	6.480	7.440
Y17WW_p1N7BQ_30.000_40.000.wav	Speech	9.380	10.020
Y18HRNQyo9mg_25.000_35.000.wav	Cat	2.980	4.300
Y18HRNQyo9mg_25.000_35.000.wav	Speech	5.640	8.600
Y1D4LxbOVn1I_30.000_40.000.wav	Dog	0.340	2.280
Y1D4LxbOVn1I_30.000_40.000.wav	Dog	4.220	4.860
Y1D4LxbOVn1I_30.000_40.000.wav	Dog	5.500	5.820
Y1D4LxbOVn1I_30.000_40.000.wav	Dog	6.480	7.760
Y1D4LxbOVn1I_30.000_40.000.wav	Speech	2.600	3.560
Y1D4LxbOVn1I_30.000_40.000.wav	Speech	4.860	5.500
Y1D4LxbOVn1I_30.000_40.000.wav	Speech	5.820	6.480
Y1GMWn4IxVro_100.000_110.000.wav	Frying	0.000	4.860
Y1GMWn4IxVro_100.000_110.000.wav	Frying	5.820	10.020
Y1GMWn4IxVro_100.000_110.000.wav	Speech	0.000	0.660
Y1GMWn4IxVro_100.000_110.000.wav	Speech	1.940	3.240
Y1GMWn4IxVro_100.000_110.000.wav	Speech	4.540	5.820
Y1GMWn4IxVro_100.000_110.000.wav	Speech	6.800	7.760
Y1GMWn4IxVro_100.000_110.000.wav	Speech	8.100	10.020
Y1iYDrXdxkpg_170.000_180.000.wav	Dishes	6.480	10.020
Y1iYDrXdxkpg_170.000_180.000.wav	Frying	5.820	10.020
Y1iYDrXdxkpg_170.000_180.000.wav	Speech	0.000	3.240
Y1iYDrXdxkpg_170.000_180.000.wav	Speech	3.880	5.820
Y1iYDrXdxkpg_170.000_180.000.wav	Speech	8.740	10.020
Y1jgxLsJ7XkM_90.000_100.000.wav	Running_water	7.760	9.700
Y1MP3sQTk8wo_0.000_10.000.wav	Alarm_bell_ringing	3.300	4.600
Y1MP3sQTk8wo_0.000_10.000.wav	Dog	1.320	2.300
Y1MP3sQTk8wo_0.000_10.000.wav	Dog	2.640	3.300
Y1MP3sQTk8wo_0.000_10.000.wav	Dog	4.600	4.940
Y1MP3sQTk8wo_0.000_10.000.wav	Dog	7.900	8.560
Y1MP3sQTk8wo_0.000_10.000.wav	Dog	8.880	9.200
Y1nx8b3U8ZqA_95.000_105.000.wav	Speech	0.000	0.660
Y1nx8b3U8ZqA_95.000_105.000.wav	Speech	1.300	3.880
Y1nx8b3U8ZqA_95.000_105.000.wav	Speech	4.540	9.060
Y1SLrRllxMkU_60.000_70.000.wav	Speech	0.000	2.280
Y1TAOyk0Xgss_370.000_380.000.wav	Speech	0.000	0.980
Y1TAOyk0Xgss_370.000_380.000.wav	Vacuum_cleaner	0.980	10.020
Y1WGfcIOLUK8_30.000_40.000.wav	Dog	2.280	4.220
Y1WGfcIOLUK8_30.000_40.000.wav	Dog	6.160	8.740
Y1WGfcIOLUK8_30.000_40.000.wav	Speech	0.660	1.300
Y1YRhxCXCM0o_16.000_26.000.wav	Vacuum_cleaner	0.000	0.980
Y1YRhxCXCM0o_16.000_26.000.wav	Vacuum_cleaner	1.300	8.020
Y1_Q80fDGLRM_10.000_20.000.wav	Dog	0.340	1.300
Y1_Q80fDGLRM_10.000_20.000.wav	Speech	2.260	2.900
Y1_Q80fDGLRM_10.000_20.000.wav	Speech	3.220	3.860
Y1_Q80fDGLRM_10.000_20.000.wav	Speech	4.840	9.320
Y20qZLse0acs_30.000_40.000.wav	Dog	0.000	0.980
Y20qZLse0acs_30.000_40.000.wav	Dog	5.180	6.480
Y24Y8aIUFepo_30.000_40.000.wav	Alarm_bell_ringing	0.000	2.600
Y24Y8aIUFepo_30.000_40.000.wav	Alarm_bell_ringing	8.420	10.020
Y24Y8aIUFepo_30.000_40.000.wav	Speech	5.820	8.420
Y27jlpi7rq28_280.000_290.000.wav	Dishes	0.660	3.560
Y27jlpi7rq28_280.000_290.000.wav	Dishes	6.160	9.060
Y27jlpi7rq28_280.000_290.000.wav	Frying	0.660	5.820
Y27jlpi7rq28_280.000_290.000.wav	Frying	6.160	9.380
Y27jlpi7rq28_280.000_290.000.wav	Speech	0.000	0.660
Y27jlpi7rq28_280.000_290.000.wav	Speech	3.560	4.860
Y27jlpi7rq28_280.000_290.000.wav	Speech	5.500	6.480
Y27jlpi7rq28_280.000_290.000.wav	Speech	6.800	8.100
Y27jlpi7rq28_280.000_290.000.wav	Speech	9.060	10.020
Y2bYyywE97aA_30.000_40.000.wav	Blender	2.920	8.740
Y2eYaXTKSpMI_4.000_14.000.wav	Cat	0.000	2.600
Y2eYaXTKSpMI_4.000_14.000.wav	Cat	3.560	7.120
Y2IEoe3YvCJo_20.000_30.000.wav	Speech	2.600	3.580
Y2jKheXvnT6o_30.000_40.000.wav	Speech	3.880	4.540
Y2K0NKi1wigk_340.000_350.000.wav	Running_water	3.880	7.120
Y2KhtV4TsZ3M_120.000_130.000.wav	Dishes	0.340	4.220
Y2KhtV4TsZ3M_120.000_130.000.wav	Frying	0.340	10.020
Y2nQzeKH07LQ_40.000_50.000.wav	Dog	0.000	0.980
Y2nQzeKH07LQ_40.000_50.000.wav	Dog	1.620	2.600
Y2nQzeKH07LQ_40.000_50.000.wav	Dog	2.920	4.860
Y2nQzeKH07LQ_40.000_50.000.wav	Speech	8.100	10.020
Y2peFmuYqSDo_60.000_70.000.wav	Alarm_bell_ringing	0.000	2.280
Y2peFmuYqSDo_60.000_70.000.wav	Alarm_bell_ringing	3.560	5.500
Y2peFmuYqSDo_60.000_70.000.wav	Alarm_bell_ringing	8.100	10.020
Y2QKJuc_Hscc_50.000_60.000.wav	Dog	8.740	9.380
Y2REf8hLLYMw_30.000_40.000.wav	Cat	7.120	8.420
Y2Ssh4YWMroo_30.000_40.000.wav	Speech	4.220	7.120
Y2tBRn4xKmzM_30.000_40.000.wav	Speech	4.220	10.020
Y2tXE7snh6Ak_30.000_40.000.wav	Dog	7.440	8.100
Y2tXE7snh6Ak_30.000_40.000.wav	Speech	0.000	0.980
Y2tXE7snh6Ak_30.000_40.000.wav	Speech	4.540	6.160
Y2tXE7snh6Ak_30.000_40.000.wav	Speech	6.480	7.440
Y2tXE7snh6Ak_30.000_40.000.wav	Speech	9.060	10.020
Y2vzUFWykARU_20.000_30.000.wav	Running_water	2.600	7.440
Y2wBXDZaCJ3Q_390.000_400.000.wav	Running_water	0.340	4.860
Y2wBXDZaCJ3Q_390.000_400.000.wav	Speech	0.000	0.340
Y2wBXDZaCJ3Q_390.000_400.000.wav	Speech	7.440	10.020
Y2yX9079mMB4_3.000_13.000.wav	Cat	2.920	3.880
Y2yX9079mMB4_3.000_13.000.wav	Cat	5.180	6.480
Y2yX9079mMB4_3.000_13.000.wav	Speech	6.800	8.100
Y2yX9079mMB4_3.000_13.000.wav	Speech	8.740	10.020
Y2ZZEtUCIkUw_30.000_40.000.wav	Speech	8.740	9.700
Y31c2kosdtuo_20.000_30.000.wav	Alarm_bell_ringing	0.000	10.020
Y36E3XXqab40_40.000_50.000.wav	Frying	5.820	10.020
Y36E3XXqab40_40.000_50.000.wav	Speech	0.000	5.180
Y36E3XXqab40_40.000_50.000.wav	Speech	7.120	10.020
Y39IZIbmQPzA_40.000_50.000.wav	Cat	2.600	3.240
Y39IZIbmQPzA_40.000_50.000.wav	Dog	3.560	4.540
Y39IZIbmQPzA_40.000_50.000.wav	Dog	6.160	8.740
Y39IZIbmQPzA_40.000_50.000.wav	Speech	9.060	10.020
Y39rXWSXGOyo_80.000_90.000.wav	Cat	8.420	9.060
Y3AzacBprTzU_60.000_70.000.wav	Dog	0.000	4.220
Y3AzacBprTzU_60.000_70.000.wav	Dog	4.540	6.160
Y3AzacBprTzU_60.000_70.000.wav	Dog	7.120	10.020
Y3gR0QBgrzYQ_20.000_30.000.wav	Vacuum_cleaner	0.000	5.500
Y3IW7578PicA_210.000_220.000.wav	Dishes	0.980	1.940
Y3IW7578PicA_210.000_220.000.wav	Dishes	2.920	7.120
Y3IW7578PicA_210.000_220.000.wav	Frying	2.600	7.120
Y3IW7578PicA_210.000_220.000.wav	Frying	9.060	10.020
Y3IW7578PicA_210.000_220.000.wav	Speech	2.280	2.600
Y3IW7578PicA_210.000_220.000.wav	Speech	6.800	9.060
Y3JJ700tVT_0_2.000_12.000.wav	Running_water	0.000	7.900
Y3kx-UhywUf0_20.000_30.000.wav	Vacuum_cleaner	6.480	10.020
Y3LtXT2KVI-c_30.000_40.000.wav	Cat	4.540	4.860
Y3LtXT2KVI-c_30.000_40.000.wav	Cat	8.100	8.740
Y3LtXT2KVI-c_30.000_40.000.wav	Dog	0.660	1.940
Y3LtXT2KVI-c_30.000_40.000.wav	Dog	2.280	2.920
Y3LvZUtupOCs_30.000_40.000.wav	Dog	4.220	7.440
Y3NRu3vNRFxU_0.000_10.000.wav	Dog	9.700	10.020
Y3NRu3vNRFxU_0.000_10.000.wav	Speech	3.560	4.220
Y3Qli5msTyH8_150.000_160.000.wav	Frying	0.000	9.060
Y3Qli5msTyH8_150.000_160.000.wav	Speech	4.860	7.760
Y3Qli5msTyH8_150.000_160.000.wav	Speech	8.740	10.020
Y3TyBFLPxDw8_0.000_9.000.wav	Speech	0.660	3.560
Y3TyBFLPxDw8_0.000_9.000.wav	Speech	6.140	7.100
Y45vy1dbFAdU_90.000_100.000.wav	Blender	5.180	8.100
Y45vy1dbFAdU_90.000_100.000.wav	Blender	8.740	10.020
Y45vy1dbFAdU_90.000_100.000.wav	Speech	1.300	4.220
Y46t-4NFQ9_w_2.000_12.000.wav	Speech	4.880	6.500
Y49efBAywR9Y_150.000_160.000.wav	Alarm_bell_ringing	5.180	5.500
Y49efBAywR9Y_150.000_160.000.wav	Speech	0.000	4.860
Y49efBAywR9Y_150.000_160.000.wav	Speech	8.100	9.380
Y4ByUnyBjmSs_80.000_90.000.wav	Speech	0.000	2.280
Y4ByUnyBjmSs_80.000_90.000.wav	Speech	2.920	8.100
Y4ByUnyBjmSs_80.000_90.000.wav	Speech	8.420	9.060
Y4GxRRVp3hD4_18.000_28.000.wav	Speech	2.280	9.080
Y4H5p1W_oS9g_160.000_170.000.wav	Running_water	2.920	7.120
Y4H5p1W_oS9g_160.000_170.000.wav	Running_water	8.100	10.020
Y4isFtP23Sh0_30.000_40.000.wav	Cat	0.660	6.160
Y4isFtP23Sh0_30.000_40.000.wav	Cat	7.760	9.700
Y4isFtP23Sh0_30.000_40.000.wav	Dog	7.120	7.760
Y4IvFk-bZ0-M_20.000_30.000.wav	Blender	0.980	1.940
Y4IvFk-bZ0-M_20.000_30.000.wav	Speech	5.820	7.440
Y4Jc8UZHaqHw_19.000_29.000.wav	Dog	1.960	2.940
Y4Jc8UZHaqHw_19.000_29.000.wav	Speech	2.940	3.920
Y4Jc8UZHaqHw_19.000_29.000.wav	Speech	4.560	9.120
Y4lqUgzaykg8_160.000_170.000.wav	Speech	0.000	0.660
Y4lqUgzaykg8_160.000_170.000.wav	Speech	1.940	2.920
Y4P0lThY7Bnk_30.000_40.000.wav	Speech	1.620	1.940
Y4P0lThY7Bnk_30.000_40.000.wav	Speech	5.500	7.440
Y4P0lThY7Bnk_30.000_40.000.wav	Speech	8.740	10.020
Y4qaJW0mvsoY_30.000_40.000.wav	Speech	0.000	0.980
Y4qaJW0mvsoY_30.000_40.000.wav	Speech	8.100	8.740
Y4qaJW0mvsoY_30.000_40.000.wav	Speech	9.380	10.020
Y4VSHxW4Bepo_48.000_58.000.wav	Frying	0.000	4.860
Y4VSHxW4Bepo_48.000_58.000.wav	Running_water	0.000	1.300
Y4VSHxW4Bepo_48.000_58.000.wav	Running_water	3.240	4.220
Y4VSHxW4Bepo_48.000_58.000.wav	Speech	1.620	2.600
Y4VSHxW4Bepo_48.000_58.000.wav	Speech	5.500	6.800
Y4WD_zYTAudo_100.000_110.000.wav	Alarm_bell_ringing	0.660	5.820
Y4WD_zYTAudo_100.000_110.000.wav	Speech	9.380	10.020
Y4ynKNPBxypA_18.000_28.000.wav	Cat	3.260	4.560
Y5-SzNKBcPWs_30.000_40.000.wav	Speech	8.100	9.060
Y53-OcC7i-W4_25.000_35.000.wav	Alarm_bell_ringing	0.000	8.740
Y5569EtjDU_M_290.000_300.000.wav	Dishes	0.660	6.800
Y5569EtjDU_M_290.000_300.000.wav	Dishes	8.100	10.020
Y5569EtjDU_M_290.000_300.000.wav	Speech	6.800	7.760
Y55l9j-CggDQ_30.000_40.000.wav	Cat	3.240	3.880
Y55l9j-CggDQ_30.000_40.000.wav	Speech	1.940	2.600
Y5aPt9TjkIZA_50.000_60.000.wav	Running_water	0.340	7.120
Y5b6lStP8UXE_380.000_390.000.wav	Speech	8.740	10.020
Y5b_wMMwPlbY_110.000_120.000.wav	Speech	0.660	1.620
Y5b_wMMwPlbY_110.000_120.000.wav	Speech	2.600	5.180
Y5ccSyFBJWgQ_200.000_210.000.wav	Frying	5.820	10.020
Y5ccSyFBJWgQ_200.000_210.000.wav	Speech	0.660	1.940
Y5ccSyFBJWgQ_200.000_210.000.wav	Speech	6.160	9.380
Y5d4CaV5W8JU_290.000_300.000.wav	Frying	0.000	10.020
Y5d4CaV5W8JU_290.000_300.000.wav	Speech	3.240	3.880
Y5d4CaV5W8JU_290.000_300.000.wav	Speech	5.180	7.120
Y5d4CaV5W8JU_290.000_300.000.wav	Speech	7.760	10.020
Y5H-b1D1mtk8_10.000_20.000.wav	Running_water	2.280	3.560
Y5H-b1D1mtk8_10.000_20.000.wav	Speech	0.660	1.620
Y5H-b1D1mtk8_10.000_20.000.wav	Speech	4.220	8.100
Y5H-b1D1mtk8_10.000_20.000.wav	Speech	8.420	10.020
Y5ixvBFzG0kc_28.000_38.000.wav	Dog	3.240	4.860
Y5lw-BHt_rXY_30.000_40.000.wav	Dog	0.660	1.300
Y5lw-BHt_rXY_30.000_40.000.wav	Dog	3.240	3.880
Y5lw-BHt_rXY_30.000_40.000.wav	Speech	1.620	2.280
Y5lw-BHt_rXY_30.000_40.000.wav	Speech	9.060	9.700
Y5rSpIXAOjgk_50.000_60.000.wav	Dog	0.660	1.300
Y5rSpIXAOjgk_50.000_60.000.wav	Dog	1.620	2.600
Y5siTUcPFy74_210.000_220.000.wav	Frying	0.340	10.020
Y5tM4bPM6E_w_70.000_80.000.wav	Speech	0.000	1.940
Y5tM4bPM6E_w_70.000_80.000.wav	Speech	3.880	4.540
Y5UUgV7-Bg3c_30.000_40.000.wav	Speech	4.860	5.820
Y5zpubyVa1D0_270.000_280.000.wav	Frying	0.340	6.160
Y5zpubyVa1D0_270.000_280.000.wav	Speech	0.000	0.660
Y5zpubyVa1D0_270.000_280.000.wav	Speech	3.240	4.860
Y5zpubyVa1D0_270.000_280.000.wav	Speech	7.120	10.020
Y63xWsWuH-eI_10.000_20.000.wav	Vacuum_cleaner	0.000	4.540
Y63xWsWuH-eI_10.000_20.000.wav	Vacuum_cleaner	5.180	10.020
Y64FYj_KHcC4_50.000_60.000.wav	Alarm_bell_ringing	0.000	4.220
Y64FYj_KHcC4_50.000_60.000.wav	Speech	4.220	4.860
Y64FYj_KHcC4_50.000_60.000.wav	Speech	6.800	10.020
Y6BaCu_ezK4k_300.000_310.000.wav	Frying	0.000	8.740
Y6BaCu_ezK4k_300.000_310.000.wav	Speech	0.980	6.160
Y6BaCu_ezK4k_300.000_310.000.wav	Speech	7.120	9.060
Y6Bh50bxvod4_70.000_80.000.wav	Running_water	4.220	6.160
Y6Bh50bxvod4_70.000_80.000.wav	Speech	0.000	3.560
Y6Bh50bxvod4_70.000_80.000.wav	Speech	7.760	9.380
Y6dgTnGDYiZc_9.000_19.000.wav	Cat	0.000	0.660
Y6dgTnGDYiZc_9.000_19.000.wav	Cat	2.920	3.880
Y6dgTnGDYiZc_9.000_19.000.wav	Speech	9.060	10.020
Y6f1OGWQG9wc_10.000_20.000.wav	Alarm_bell_ringing	0.660	10.020
Y6FUmapkqPn0_80.000_90.000.wav	Cat	0.340	1.940
Y6FUmapkqPn0_80.000_90.000.wav	Cat	3.560	4.860
Y6FUmapkqPn0_80.000_90.000.wav	Cat	6.480	7.440
Y6FUmapkqPn0_80.000_90.000.wav	Cat	9.380	10.020
Y6GjsjhAbXRo_20.000_30.000.wav	Dog	0.000	4.540
Y6GXGC1K7b5k_0.000_10.000.wav	Speech	2.280	2.920
Y6GXGC1K7b5k_0.000_10.000.wav	Speech	4.220	10.020
Y6hyBe3FO-xI_30.000_40.000.wav	Vacuum_cleaner	1.940	6.480
Y6hyBe3FO-xI_30.000_40.000.wav	Vacuum_cleaner	7.440	10.020
Y6Kn4bXCPvaA_30.000_40.000.wav	Cat	2.280	3.880
Y6kUtpAr79xU_60.000_70.000.wav	Speech	1.620	2.600
Y6kUtpAr79xU_60.000_70.000.wav	Speech	2.920	3.240
Y6s7Tv_wqWNE_150.000_160.000.wav	Speech	7.440	8.420
Y6s7Tv_wqWNE_150.000_160.000.wav	Speech	9.060	10.020
Y6UY-HKyolKk_30.000_40.000.wav	Cat	0.340	0.980
Y6UY-HKyolKk_30.000_40.000.wav	Running_water	6.800	8.740
Y7-COxzRtOEU_30.000_40.000.wav	Running_water	3.880	10.020
Y7-htobm4qu0_30.000_40.000.wav	Dog	8.740	9.060
Y7-htobm4qu0_30.000_40.000.wav	Dog	9.700	10.020
Y7-htobm4qu0_30.000_40.000.wav	Speech	0.000	1.940
Y7-htobm4qu0_30.000_40.000.wav	Speech	2.600	2.920
Y7-htobm4qu0_30.000_40.000.wav	Speech	3.240	4.220
Y7-htobm4qu0_30.000_40.000.wav	Speech	4.540	4.860
Y7-htobm4qu0_30.000_40.000.wav	Speech	5.820	6.480
Y7-htobm4qu0_30.000_40.000.wav	Speech	7.120	7.760
Y75bMAERnvng_26.000_36.000.wav	Dog	8.120	8.780
Y75PJeJ2hGcw_30.000_40.000.wav	Cat	0.980	2.280
Y75PJeJ2hGcw_30.000_40.000.wav	Cat	9.380	10.020
Y7AhpZQt1Ml0_120.000_130.000.wav	Dog	0.340	3.880
Y7AhpZQt1Ml0_120.000_130.000.wav	Dog	7.440	8.420
Y7CRVoUCXg_A_30.000_40.000.wav	Speech	0.000	1.940
Y7CRVoUCXg_A_30.000_40.000.wav	Speech	2.600	3.240
Y7CRVoUCXg_A_30.000_40.000.wav	Speech	5.500	6.480
Y7CRVoUCXg_A_30.000_40.000.wav	Speech	9.380	10.020
Y7FlTfWm2fVY_41.000_51.000.wav	Alarm_bell_ringing	0.000	3.240
Y7FlTfWm2fVY_41.000_51.000.wav	Alarm_bell_ringing	4.860	7.440
Y7FlTfWm2fVY_41.000_51.000.wav	Dog	7.440	8.100
Y7FlTfWm2fVY_41.000_51.000.wav	Speech	8.420	9.380
Y7LsJrF1AwZg_30.000_40.000.wav	Running_water	0.000	3.560
Y7MXamVgKszI_30.000_40.000.wav	Cat	0.340	1.300
Y7MXamVgKszI_30.000_40.000.wav	Cat	1.620	2.600
Y7MXamVgKszI_30.000_40.000.wav	Cat	4.540	6.800
Y7NyLkxUSPCQ_6.000_16.000.wav	Speech	0.000	0.980
Y7NyLkxUSPCQ_6.000_16.000.wav	Speech	1.940	3.240
Y7qAvg5uQN9I_200.000_210.000.wav	Blender	0.340	8.420
Y7X4MOknsB80_0.000_10.000.wav	Vacuum_cleaner	3.560	10.020
Y84uy3xSw9H0_30.000_40.000.wav	Speech	2.920	4.220
Y84uy3xSw9H0_30.000_40.000.wav	Speech	7.760	10.020
Y86e-ONda0GU_170.000_180.000.wav	Dog	1.940	8.100
Y86e-ONda0GU_170.000_180.000.wav	Speech	8.100	10.020
Y86p6UVFIcFI_30.000_40.000.wav	Cat	2.600	3.560
Y86p6UVFIcFI_30.000_40.000.wav	Cat	4.220	6.160
Y86p6UVFIcFI_30.000_40.000.wav	Cat	6.480	7.440
Y86p6UVFIcFI_30.000_40.000.wav	Cat	8.420	9.380
Y89-cWFtXz_U_270.000_280.000.wav	Alarm_bell_ringing	0.000	0.980
Y89-cWFtXz_U_270.000_280.000.wav	Dog	1.940	3.240
Y89-cWFtXz_U_270.000_280.000.wav	Dog	3.880	7.120
Y89-cWFtXz_U_270.000_280.000.wav	Dog	8.420	10.020
Y8AY0aXAQjwY_250.000_260.000.wav	Speech	0.980	2.600
Y8AY0aXAQjwY_250.000_260.000.wav	Speech	5.180	6.160
Y8AY0aXAQjwY_250.000_260.000.wav	Speech	9.060	10.020
Y8CrTpWNBiTo_120.000_130.000.wav	Dog	0.660	1.940
Y8CrTpWNBiTo_120.000_130.000.wav	Dog	2.280	3.560
Y8CrTpWNBiTo_120.000_130.000.wav	Dog	4.860	7.440
Y8CrTpWNBiTo_120.000_130.000.wav	Dog	8.420	8.740
Y8CrTpWNBiTo_120.000_130.000.wav	Speech	9.060	10.020
Y8ewn7JCJbEM_30.000_40.000.wav	Alarm_bell_ringing	6.480	7.120
Y8ewn7JCJbEM_30.000_40.000.wav	Speech	7.120	7.760
Y8ewn7JCJbEM_30.000_40.000.wav	Speech	9.060	9.700
Y8ITneSmsrlU_0.000_10.000.wav	Speech	1.300	5.500
Y8ITneSmsrlU_0.000_10.000.wav	Speech	6.160	10.020
Y8JgqLELdUkY_30.000_40.000.wav	Cat	3.560	4.540
Y8JgqLELdUkY_30.000_40.000.wav	Cat	5.180	5.820
Y8JgqLELdUkY_30.000_40.000.wav	Cat	9.700	10.020
Y8KCzQ2KaSyE_520.000_530.000.wav	Blender	0.000	7.440
Y8kOQiGtnrOw_180.000_190.000.wav	Vacuum_cleaner	0.000	10.020
Y8mT-l6lcBsk_260.000_270.000.wav	Running_water	0.340	1.300
Y8mT-l6lcBsk_260.000_270.000.wav	Speech	1.620	5.820
Y8mT-l6lcBsk_260.000_270.000.wav	Speech	6.160	7.440
Y8mT-l6lcBsk_260.000_270.000.wav	Speech	8.740	10.020
Y8qMwRaqKt3Y_50.000_60.000.wav	Dog	5.500	10.020
Y8qMwRaqKt3Y_50.000_60.000.wav	Speech	0.660	1.940
Y8qMwRaqKt3Y_50.000_60.000.wav	Speech	4.220	5.180
Y8RK1x263Ou0_100.000_110.000.wav	Blender	2.920	8.100
Y8RK1x263Ou0_100.000_110.000.wav	Speech	0.000	2.920
Y8TWtLCjUI5I_0.000_7.000.wav	Dog	0.340	6.960
Y8UQI59N-bAs_10.000_20.000.wav	Alarm_bell_ringing	0.000	10.020
Y8vasA2D2_Kc_30.000_40.000.wav	Dog	0.000	8.740
Y8vasA2D2_Kc_30.000_40.000.wav	Speech	9.060	10.020
Y8W82WdRBx4E_20.000_30.000.wav	Alarm_bell_ringing	0.000	1.620
Y8W82WdRBx4E_20.000_30.000.wav	Alarm_bell_ringing	8.420	10.020
Y8W82WdRBx4E_20.000_30.000.wav	Cat	5.180	6.800
Y8ws1ligErwo_0.000_10.000.wav	Speech	0.340	0.660
Y8ws1ligErwo_0.000_10.000.wav	Speech	1.620	2.280
Y8ws1ligErwo_0.000_10.000.wav	Speech	3.560	4.860
Y8ws1ligErwo_0.000_10.000.wav	Speech	9.060	9.700
Y8xoenlVVBZw_30.000_40.000.wav	Cat	2.280	2.920
Y8xoenlVVBZw_30.000_40.000.wav	Cat	6.160	7.760
Y8xoenlVVBZw_30.000_40.000.wav	Cat	9.060	9.380
Y91LB9ssE__k_110.000_120.000.wav	Alarm_bell_ringing	5.820	7.760
Y91LB9ssE__k_110.000_120.000.wav	Alarm_bell_ringing	9.060	10.020
Y9BGPUKwmSEY_240.000_250.000.wav	Dishes	5.820	9.060
Y9BGPUKwmSEY_240.000_250.000.wav	Frying	0.000	10.020
Y9BGPUKwmSEY_240.000_250.000.wav	Speech	4.220	5.820
Y9BGPUKwmSEY_240.000_250.000.wav	Speech	9.060	10.020
Y9cAeyIVi67U_20.000_30.000.wav	Speech	1.940	3.560
Y9cAeyIVi67U_20.000_30.000.wav	Speech	7.120	10.020
Y9cYVBOJmXIw_30.000_40.000.wav	Speech	2.600	2.920
Y9DJVHVONlao_60.000_70.000.wav	Speech	0.340	1.940
Y9DJVHVONlao_60.000_70.000.wav	Speech	3.560	5.180
Y9DJVHVONlao_60.000_70.000.wav	Speech	6.160	6.800
Y9LeGCCvrsbs_30.000_40.000.wav	Dishes	0.000	2.280
Y9OqtuFGCCR8_30.000_40.000.wav	Alarm_bell_ringing	0.000	0.340
Y9OqtuFGCCR8_30.000_40.000.wav	Alarm_bell_ringing	0.660	1.940
Y9OqtuFGCCR8_30.000_40.000.wav	Alarm_bell_ringing	2.280	2.920
Y9OqtuFGCCR8_30.000_40.000.wav	Alarm_bell_ringing	3.240	4.540
Y9OqtuFGCCR8_30.000_40.000.wav	Alarm_bell_ringing	6.480	8.100
Y9OqtuFGCCR8_30.000_40.000.wav	Alarm_bell_ringing	8.740	10.020
Y9ppa4lXXspA_30.000_40.000.wav	Dog	0.000	8.100
Y9ppa4lXXspA_30.000_40.000.wav	Dog	8.420	10.020
Y9q3P6N22V9M_40.000_50.000.wav	Speech	1.940	2.600
Y9q3P6N22V9M_40.000_50.000.wav	Speech	4.860	10.020
Y9q8N_KgH8SI_250.000_260.000.wav	Dishes	2.280	3.240
Y9q8N_KgH8SI_250.000_260.000.wav	Dishes	8.100	9.060
Y9q8N_KgH8SI_250.000_260.000.wav	Speech	0.980	2.600
Y9q8N_KgH8SI_250.000_260.000.wav	Speech	4.540	6.160
Y9q8N_KgH8SI_250.000_260.000.wav	Speech	6.480	8.740
Y9q8N_KgH8SI_250.000_260.000.wav	Speech	9.060	10.020
Y9q9pzXBPGtM_30.000_40.000.wav	Alarm_bell_ringing	0.000	8.740
Ya2prr9ZiFxA_580.000_590.000.wav	Electric_shaver_toothbrush	1.620	3.240
Ya2prr9ZiFxA_580.000_590.000.wav	Electric_shaver_toothbrush	6.800	8.100
Ya2prr9ZiFxA_580.000_590.000.wav	Frying	7.120	10.020
Ya2prr9ZiFxA_580.000_590.000.wav	Speech	0.000	0.980
Ya2prr9ZiFxA_580.000_590.000.wav	Speech	3.240	5.500
Ya2prr9ZiFxA_580.000_590.000.wav	Speech	8.100	8.740
YABUQP_h7RTI_340.000_350.000.wav	Speech	0.000	3.240
YABUQP_h7RTI_340.000_350.000.wav	Speech	6.160	10.020
YABxbI3HIQbk_30.000_40.000.wav	Running_water	0.340	9.060
YACSkISqebAA_200.000_210.000.wav	Running_water	0.000	4.220
YaE-_vO4AagE_70.000_80.000.wav	Running_water	1.620	2.920
YaE-_vO4AagE_70.000_80.000.wav	Running_water	3.240	5.180
YaE-_vO4AagE_70.000_80.000.wav	Speech	0.000	0.340
YaE-_vO4AagE_70.000_80.000.wav	Speech	6.800	8.740
YAF0CtMb81t8_30.000_40.000.wav	Speech	3.880	5.500
YAF0CtMb81t8_30.000_40.000.wav	Speech	6.480	9.700
YAGqCcrX619E_60.000_70.000.wav	Speech	0.000	0.340
YAGqCcrX619E_60.000_70.000.wav	Speech	1.620	3.240
YAGqCcrX619E_60.000_70.000.wav	Speech	7.120	8.100
YAg_YyTCOFqw_30.000_40.000.wav	Frying	0.000	10.020
YAg_YyTCOFqw_30.000_40.000.wav	Speech	0.000	1.620
YAg_YyTCOFqw_30.000_40.000.wav	Speech	1.940	9.380
YaHKqFDRglTM_10.000_20.000.wav	Alarm_bell_ringing	6.480	8.100
Yaj1pv3GKtZY_60.000_70.000.wav	Speech	0.340	2.600
Yaj1pv3GKtZY_60.000_70.000.wav	Speech	4.220	5.500
Yaj1pv3GKtZY_60.000_70.000.wav	Speech	7.760	9.700
YAjmZCg_sYc8_30.000_40.000.wav	Dog	0.340	2.280
YAjmZCg_sYc8_30.000_40.000.wav	Dog	2.920	5.500
YAjmZCg_sYc8_30.000_40.000.wav	Running_water	6.480	10.020
YakanYTDu2NQ_440.000_450.000.wav	Dishes	0.340	1.940
YakanYTDu2NQ_440.000_450.000.wav	Dishes	2.600	3.240
YakanYTDu2NQ_440.000_450.000.wav	Dishes	3.560	5.180
YakanYTDu2NQ_440.000_450.000.wav	Frying	5.820	10.020
YAKjcrEsYykE_340.000_350.000.wav	Speech	0.000	0.660
YAKjcrEsYykE_340.000_350.000.wav	Speech	7.760	9.700
YAm5GHLnpl44_30.000_40.000.wav	Frying	0.000	1.300
YAm5GHLnpl44_30.000_40.000.wav	Speech	1.300	3.880
YAm5GHLnpl44_30.000_40.000.wav	Speech	4.540	10.020
YAOijOUuUWwg_100.000_110.000.wav	Dishes	4.540	4.860
YAOijOUuUWwg_100.000_110.000.wav	Electric_shaver_toothbrush	0.000	4.220
YAOijOUuUWwg_100.000_110.000.wav	Speech	8.100	8.740
YaRCiAM4UAyE_140.000_150.000.wav	Blender	3.560	5.820
YaRCiAM4UAyE_140.000_150.000.wav	Speech	6.160	7.760
YAsTZm7QtY84_30.000_40.000.wav	Blender	0.340	2.600
YAW3s9S3xEQ0_0.000_10.000.wav	Dog	0.340	1.940
YAW3s9S3xEQ0_0.000_10.000.wav	Dog	4.220	5.820
YAW3s9S3xEQ0_0.000_10.000.wav	Dog	7.120	8.740
YAW3s9S3xEQ0_0.000_10.000.wav	Dog	9.060	9.700
YAyA6zrWfkYY_310.000_320.000.wav	Electric_shaver_toothbrush	0.000	4.540
YAyA6zrWfkYY_310.000_320.000.wav	Speech	5.820	7.440
YAyA6zrWfkYY_310.000_320.000.wav	Speech	7.760	10.020
YazOX0YeNl3Q_70.000_80.000.wav	Frying	1.620	8.100
YazOX0YeNl3Q_70.000_80.000.wav	Speech	0.980	2.920
YazOX0YeNl3Q_70.000_80.000.wav	Speech	3.880	5.180
YA_RIRJV5AxE_30.000_40.000.wav	Blender	4.540	5.180
YA_RIRJV5AxE_30.000_40.000.wav	Speech	0.980	1.940
Yb2JRI-RVw9U_30.000_40.000.wav	Speech	2.600	3.240
Yb4YHnRrkOTQ_470.000_480.000.wav	Running_water	0.000	4.220
Yb5CyS0QqX3o_70.000_80.000.wav	Alarm_bell_ringing	0.340	1.620
Yb5CyS0QqX3o_70.000_80.000.wav	Speech	2.600	5.500
Yb5CyS0QqX3o_70.000_80.000.wav	Speech	5.820	10.020
YB5u3PG7PWDE_30.000_40.000.wav	Vacuum_cleaner	0.000	7.440
YB5u3PG7PWDE_30.000_40.000.wav	Vacuum_cleaner	8.100	10.020
YBAcOXGA5Na8_30.000_40.000.wav	Speech	0.000	1.940
YBAcOXGA5Na8_30.000_40.000.wav	Speech	8.420	10.020
YBFEeNJkKx6g_30.000_40.000.wav	Dog	0.980	1.940
YBFEeNJkKx6g_30.000_40.000.wav	Dog	2.600	5.180
YBFEeNJkKx6g_30.000_40.000.wav	Dog	5.820	7.760
YBFEeNJkKx6g_30.000_40.000.wav	Dog	8.420	10.020
YBHGB73ilrCc_30.000_40.000.wav	Alarm_bell_ringing	2.920	3.560
YBHGB73ilrCc_30.000_40.000.wav	Dog	0.980	1.620
YBHGB73ilrCc_30.000_40.000.wav	Dog	2.280	2.920
YBHGB73ilrCc_30.000_40.000.wav	Dog	5.180	5.500
YBHGB73ilrCc_30.000_40.000.wav	Dog	6.160	7.440
YBHGB73ilrCc_30.000_40.000.wav	Speech	7.440	9.700
YBhvCHECgwY0_120.000_130.000.wav	Blender	2.600	3.560
YBhvCHECgwY0_120.000_130.000.wav	Speech	0.000	0.980
YBhvCHECgwY0_120.000_130.000.wav	Speech	1.940	2.280
YBhvCHECgwY0_120.000_130.000.wav	Speech	3.560	3.880
YBhvCHECgwY0_120.000_130.000.wav	Speech	4.220	5.500
YBhvCHECgwY0_120.000_130.000.wav	Speech	6.800	10.020
YbigQH-Nhocc_190.000_200.000.wav	Running_water	0.000	5.180
YbigQH-Nhocc_190.000_200.000.wav	Speech	5.180	6.160
YbigQH-Nhocc_190.000_200.000.wav	Speech	8.420	10.020
YBiNbPvdPthY_30.000_40.000.wav	Speech	3.560	5.180
YBiNbPvdPthY_30.000_40.000.wav	Speech	6.480	7.120
YBiNbPvdPthY_30.000_40.000.wav	Speech	8.100	8.740
YBJimHxqGfig_50.000_60.000.wav	Vacuum_cleaner	6.800	10.020
YBLlnu2Tyqu0_30.000_40.000.wav	Cat	8.740	9.380
YbnLQeoB3ssU_130.000_140.000.wav	Speech	0.000	4.220
YbnLQeoB3ssU_130.000_140.000.wav	Speech	4.540	6.160
YbnLQeoB3ssU_130.000_140.000.wav	Speech	7.760	9.060
YBQPk4cmN__4_30.000_40.000.wav	Dog	0.000	4.540
YBQPk4cmN__4_30.000_40.000.wav	Dog	6.160	6.800
YBQPk4cmN__4_30.000_40.000.wav	Dog	8.740	9.380
YbSxca8xb-Fs_10.000_20.000.wav	Alarm_bell_ringing	3.880	10.020
YbUDfTkJCg0o_20.000_30.000.wav	Dishes	2.920	6.480
YbUDfTkJCg0o_20.000_30.000.wav	Dishes	7.760	8.420
YbUDfTkJCg0o_20.000_30.000.wav	Frying	1.620	10.020
YbUDfTkJCg0o_20.000_30.000.wav	Speech	0.340	4.220
YbUDfTkJCg0o_20.000_30.000.wav	Speech	6.160	10.020
YbUZQeCVNzKc_140.000_150.000.wav	Dog	6.800	8.100
YbUZQeCVNzKc_140.000_150.000.wav	Speech	8.740	10.020
YBvQz8thsH1A_230.000_240.000.wav	Speech	9.060	10.020
YbVvJzXMLaS8_0.000_10.000.wav	Alarm_bell_ringing	2.600	10.020
YB_1nw6kapnw_40.000_50.000.wav	Speech	0.340	1.300
YB_1nw6kapnw_40.000_50.000.wav	Speech	6.480	7.120
YC-XuGN8nmBM_30.000_40.000.wav	Alarm_bell_ringing	0.000	2.920
YC-XuGN8nmBM_30.000_40.000.wav	Alarm_bell_ringing	8.100	9.700
YC-XuGN8nmBM_30.000_40.000.wav	Speech	3.560	5.500
YC-XuGN8nmBM_30.000_40.000.wav	Speech	5.820	8.100
YC7TihoHf_hM_20.000_30.000.wav	Alarm_bell_ringing	0.340	10.020
YcaI1iADQPVA_130.000_140.000.wav	Running_water	0.000	3.880
YcaI1iADQPVA_130.000_140.000.wav	Speech	5.500	6.480
YcfEKOEmFxp0_40.000_50.000.wav	Frying	0.000	1.620
YcfEKOEmFxp0_40.000_50.000.wav	Frying	9.060	10.020
YcfEKOEmFxp0_40.000_50.000.wav	Speech	0.000	0.660
YcfEKOEmFxp0_40.000_50.000.wav	Speech	1.300	4.220
YcfEKOEmFxp0_40.000_50.000.wav	Speech	5.500	6.480
YcfEKOEmFxp0_40.000_50.000.wav	Speech	7.760	9.700
YCh5_-jvmUwQ_14.000_24.000.wav	Dog	0.000	8.640
YCh5_-jvmUwQ_14.000_24.000.wav	Speech	8.640	8.960
YcibHJCU4WW4_90.000_100.000.wav	Speech	0.000	0.980
YcibHJCU4WW4_90.000_100.000.wav	Vacuum_cleaner	5.820	10.020
YCIDw75mUl6c_30.000_40.000.wav	Speech	0.000	10.020
YCjp2PlXGbf0_30.000_40.000.wav	Electric_shaver_toothbrush	0.000	10.020
YcJv6x6TN1bw_480.000_490.000.wav	Frying	0.000	6.480
YcJv6x6TN1bw_480.000_490.000.wav	Frying	7.440	10.020
YcJv6x6TN1bw_480.000_490.000.wav	Speech	0.000	0.340
YcJv6x6TN1bw_480.000_490.000.wav	Speech	2.280	10.020
YCmC62Eg82E8_7.000_17.000.wav	Vacuum_cleaner	0.000	6.620
YCmC62Eg82E8_7.000_17.000.wav	Vacuum_cleaner	6.960	9.260
YCQGQV-JxPoI_30.000_40.000.wav	Cat	4.220	5.500
YCQGQV-JxPoI_30.000_40.000.wav	Dog	0.340	0.660
YCQGQV-JxPoI_30.000_40.000.wav	Speech	5.820	8.740
YCSCvisy9SmA_500.000_510.000.wav	Running_water	0.000	2.280
YCSCvisy9SmA_500.000_510.000.wav	Running_water	2.600	10.020
YCu3D2_yZsls_40.000_50.000.wav	Speech	0.000	2.280
YCu3D2_yZsls_40.000_50.000.wav	Speech	3.880	6.160
YCu3D2_yZsls_40.000_50.000.wav	Speech	6.800	8.740
YCu3D2_yZsls_40.000_50.000.wav	Speech	9.380	10.020
YCWhcGT6pno4_120.000_130.000.wav	Blender	5.500	7.120
YCWhcGT6pno4_120.000_130.000.wav	Speech	0.000	3.560
YCWhcGT6pno4_120.000_130.000.wav	Speech	7.760	9.060
YCWhcGT6pno4_120.000_130.000.wav	Speech	9.380	10.020
YcYS85XxZMuE_120.000_130.000.wav	Speech	0.000	7.760
YcYS85XxZMuE_120.000_130.000.wav	Speech	8.420	9.380
YD02MlVKuAZU_230.000_240.000.wav	Frying	0.000	10.020
YD02MlVKuAZU_230.000_240.000.wav	Speech	1.620	3.880
YD02MlVKuAZU_230.000_240.000.wav	Speech	8.100	9.380
YD1iGDvdIihk_280.000_290.000.wav	Running_water	2.920	7.120
YD1iGDvdIihk_280.000_290.000.wav	Running_water	9.060	10.020
YD1iGDvdIihk_280.000_290.000.wav	Speech	7.120	9.380
YDaaY_n80b2Y_5.000_15.000.wav	Speech	2.900	3.560
YdB31Es7Z-iU_23.000_33.000.wav	Running_water	0.000	6.260
YDieCnMS0G8k_80.000_90.000.wav	Blender	0.000	10.020
YdN7ZWYBJeUE_40.000_50.000.wav	Vacuum_cleaner	0.000	10.020
YdnBRWaI4E38_20.000_30.000.wav	Cat	5.760	7.040
YdnBRWaI4E38_20.000_30.000.wav	Electric_shaver_toothbrush	0.320	1.280
YdnBRWaI4E38_20.000_30.000.wav	Electric_shaver_toothbrush	3.520	4.800
YdnBRWaI4E38_20.000_30.000.wav	Speech	1.280	3.520
YdnBRWaI4E38_20.000_30.000.wav	Speech	8.000	9.600
YDpLi9YH5idY_30.000_40.000.wav	Dog	7.760	8.740
YDpLi9YH5idY_30.000_40.000.wav	Dog	9.380	10.020
YDpLi9YH5idY_30.000_40.000.wav	Speech	0.340	0.980
YDpLi9YH5idY_30.000_40.000.wav	Speech	5.180	5.820
YDPNmUOnE83o_10.000_20.000.wav	Speech	0.000	0.340
YDPNmUOnE83o_10.000_20.000.wav	Speech	8.100	9.380
YDPNmUOnE83o_10.000_20.000.wav	Speech	9.700	10.020
YDpSMRYBjwdk_18.000_28.000.wav	Alarm_bell_ringing	0.340	1.000
YDpSMRYBjwdk_18.000_28.000.wav	Alarm_bell_ringing	1.320	1.980
YDpSMRYBjwdk_18.000_28.000.wav	Alarm_bell_ringing	2.320	2.980
YDpSMRYBjwdk_18.000_28.000.wav	Alarm_bell_ringing	3.300	3.960
YDpSMRYBjwdk_18.000_28.000.wav	Alarm_bell_ringing	4.280	6.260
YDpSMRYBjwdk_18.000_28.000.wav	Alarm_bell_ringing	6.580	7.240
YDqCSTZYskfM_140.000_150.000.wav	Electric_shaver_toothbrush	0.000	1.940
YDqCSTZYskfM_140.000_150.000.wav	Electric_shaver_toothbrush	3.880	10.020
YDqCSTZYskfM_140.000_150.000.wav	Speech	1.940	3.880
YDqGNQbGXbcc_90.000_100.000.wav	Alarm_bell_ringing	5.500	10.020
YDTyjtZZRKH8_30.000_40.000.wav	Running_water	5.820	10.020
YdulZ4FPi7gg_170.000_180.000.wav	Running_water	0.340	3.560
YdulZ4FPi7gg_170.000_180.000.wav	Speech	5.180	6.160
YdulZ4FPi7gg_170.000_180.000.wav	Speech	6.800	10.020
YDV9DC4wwhfo_50.000_60.000.wav	Dishes	0.340	2.600
YDV9DC4wwhfo_50.000_60.000.wav	Dishes	6.480	10.020
YDV9DC4wwhfo_50.000_60.000.wav	Frying	3.880	4.540
YDV9DC4wwhfo_50.000_60.000.wav	Frying	6.160	10.020
YDV9DC4wwhfo_50.000_60.000.wav	Speech	2.600	6.480
YDvNGnkY_S6I_50.000_60.000.wav	Alarm_bell_ringing	0.000	2.600
YdVTcTLLD9bo_30.000_40.000.wav	Dishes	5.500	8.100
YdweVBqei9LA_160.000_170.000.wav	Running_water	0.340	10.020
YDwQ1WyGETDY_27.000_37.000.wav	Alarm_bell_ringing	0.000	0.660
YDwQ1WyGETDY_27.000_37.000.wav	Alarm_bell_ringing	1.300	2.600
YDXdU9PpDo44_280.000_290.000.wav	Running_water	0.340	5.180
YDXdU9PpDo44_280.000_290.000.wav	Speech	6.480	10.020
YdxoIUrTn_K8_10.000_20.000.wav	Alarm_bell_ringing	0.980	4.860
YdxoIUrTn_K8_10.000_20.000.wav	Dog	8.420	9.700
YdxoIUrTn_K8_10.000_20.000.wav	Speech	5.180	10.020
Ydy7klgwlfNs_280.000_290.000.wav	Speech	5.500	6.160
Ydy7klgwlfNs_280.000_290.000.wav	Speech	7.760	8.740
Yd_k3fsJrW4U_210.000_220.000.wav	Electric_shaver_toothbrush	0.000	0.660
Yd_k3fsJrW4U_210.000_220.000.wav	Electric_shaver_toothbrush	1.620	4.860
Yd_k3fsJrW4U_210.000_220.000.wav	Electric_shaver_toothbrush	7.120	8.740
Yd_k3fsJrW4U_210.000_220.000.wav	Electric_shaver_toothbrush	9.380	10.020
Yd_k3fsJrW4U_210.000_220.000.wav	Speech	0.340	1.620
Yd_k3fsJrW4U_210.000_220.000.wav	Speech	2.600	4.220
Yd_k3fsJrW4U_210.000_220.000.wav	Speech	4.860	7.760
Yd_k3fsJrW4U_210.000_220.000.wav	Speech	8.420	9.700
YE-ChpXLfh_E_30.000_40.000.wav	Alarm_bell_ringing	0.000	3.240
YE-ChpXLfh_E_30.000_40.000.wav	Alarm_bell_ringing	6.480	7.760
YE-ChpXLfh_E_30.000_40.000.wav	Alarm_bell_ringing	8.740	10.020
YE-ChpXLfh_E_30.000_40.000.wav	Speech	5.500	6.480
YE-ChpXLfh_E_30.000_40.000.wav	Speech	7.760	9.060
Ye0SHMVK7cec_170.000_180.000.wav	Alarm_bell_ringing	8.420	10.020
Ye0SHMVK7cec_170.000_180.000.wav	Speech	0.000	1.940
Ye0SHMVK7cec_170.000_180.000.wav	Speech	4.220	7.440
Ye0SHMVK7cec_170.000_180.000.wav	Speech	7.760	8.740
YE1jbUtZSluo_240.000_250.000.wav	Dishes	4.540	6.800
YE1jbUtZSluo_240.000_250.000.wav	Speech	0.000	0.660
YE1jbUtZSluo_240.000_250.000.wav	Speech	1.300	3.240
YE1jbUtZSluo_240.000_250.000.wav	Speech	3.560	4.540
YE1jbUtZSluo_240.000_250.000.wav	Speech	5.820	6.800
YE1jbUtZSluo_240.000_250.000.wav	Speech	7.120	7.440
Ye4VoLbOdkIE_180.000_190.000.wav	Electric_shaver_toothbrush	7.120	10.020
Ye4VoLbOdkIE_180.000_190.000.wav	Speech	0.000	1.620
Ye4VoLbOdkIE_180.000_190.000.wav	Speech	1.940	2.920
Ye4VoLbOdkIE_180.000_190.000.wav	Speech	5.820	7.440
Ye4ZVQ74R5s4_30.000_40.000.wav	Frying	3.240	10.020
Ye4ZVQ74R5s4_30.000_40.000.wav	Speech	0.000	2.280
Ye4ZVQ74R5s4_30.000_40.000.wav	Speech	3.880	10.020
YE6QQRZHrx6s_30.000_40.000.wav	Dog	1.940	4.220
YE6QQRZHrx6s_30.000_40.000.wav	Dog	4.540	7.760
YE81-l2bwh40_190.000_200.000.wav	Running_water	1.300	8.100
YeB0kQ_zYdHc_180.000_190.000.wav	Speech	0.000	2.920
YeB0kQ_zYdHc_180.000_190.000.wav	Speech	9.380	10.020
YeB0kQ_zYdHc_180.000_190.000.wav	Vacuum_cleaner	4.540	9.380
YEbI0_rtgvXw_80.000_90.000.wav	Alarm_bell_ringing	8.420	10.020
YEbI0_rtgvXw_80.000_90.000.wav	Speech	0.660	1.620
YEbI0_rtgvXw_80.000_90.000.wav	Speech	5.180	5.820
YEbI0_rtgvXw_80.000_90.000.wav	Speech	6.480	7.760
YEbnAmPYcq1U_0.000_10.000.wav	Electric_shaver_toothbrush	0.660	10.020
YeCAemGkLJxk_150.000_160.000.wav	Blender	8.420	9.380
YeCAemGkLJxk_150.000_160.000.wav	Speech	0.000	2.920
YeCAemGkLJxk_150.000_160.000.wav	Speech	3.240	8.420
YeCAemGkLJxk_150.000_160.000.wav	Speech	9.380	10.020
YEe0RIG8OIeo_230.000_240.000.wav	Running_water	0.340	7.440
YEeGWe8e_2jg_30.000_40.000.wav	Dog	0.000	2.920
YeeiDM1H_Y-w_20.000_30.000.wav	Speech	0.000	0.980
YeeiDM1H_Y-w_20.000_30.000.wav	Speech	5.180	8.740
YEhmWEYp0vno_190.000_200.000.wav	Alarm_bell_ringing	1.620	4.220
YemAtRpVf2_A_270.000_280.000.wav	Vacuum_cleaner	0.000	10.020
YEmPv3XBRi-w_50.000_60.000.wav	Running_water	0.000	7.440
YExPMwoIHO8M_10.000_20.000.wav	Speech	7.440	10.020
YEy7CIPAeqsY_30.000_40.000.wav	Dog	0.340	1.300
YEy7CIPAeqsY_30.000_40.000.wav	Dog	3.880	4.860
YEy7CIPAeqsY_30.000_40.000.wav	Speech	6.800	7.120
YeyanSta5aPI_30.000_40.000.wav	Alarm_bell_ringing	3.240	10.020
YeyanSta5aPI_30.000_40.000.wav	Speech	0.000	0.340
YeyanSta5aPI_30.000_40.000.wav	Speech	0.980	2.920
YF-i7xaERdUA_113.000_123.000.wav	Alarm_bell_ringing	0.000	8.740
YF-mbfDB9bN4_20.000_30.000.wav	Running_water	2.280	3.240
YF-mbfDB9bN4_20.000_30.000.wav	Running_water	3.560	10.020
Yf1t07gkcfR8_110.000_120.000.wav	Running_water	4.860	8.420
YF2eqfiTxDwg_240.000_250.000.wav	Blender	8.420	10.020
YF2eqfiTxDwg_240.000_250.000.wav	Speech	0.000	2.600
YF2FjmfvmRa0_20.000_30.000.wav	Dog	0.000	0.980
YF2FjmfvmRa0_20.000_30.000.wav	Dog	4.860	5.180
YF2FjmfvmRa0_20.000_30.000.wav	Speech	5.180	5.820
Yf2lVkHEwEgs_150.000_160.000.wav	Speech	0.000	1.940
Yf2lVkHEwEgs_150.000_160.000.wav	Speech	2.600	6.160
Yf2lVkHEwEgs_150.000_160.000.wav	Speech	6.800	10.020
YF5Y7BniaRXg_30.000_40.000.wav	Speech	6.800	10.020
YF7UpJnEONHk_30.000_40.000.wav	Speech	1.940	4.220
YF7UpJnEONHk_30.000_40.000.wav	Speech	6.160	8.100
YF7UpJnEONHk_30.000_40.000.wav	Speech	8.740	10.020
YFatuEXsaQ20_30.000_40.000.wav	Vacuum_cleaner	0.000	3.240
YFeXj1i4ur5Q_30.000_40.000.wav	Speech	5.180	7.440
YFeXj1i4ur5Q_30.000_40.000.wav	Speech	8.100	10.020
YFeXj1i4ur5Q_30.000_40.000.wav	Vacuum_cleaner	0.000	3.880
YfhAAzi6MSXw_70.000_80.000.wav	Cat	9.700	10.020
YFHuxuM-iRo4_160.000_170.000.wav	Alarm_bell_ringing	2.600	3.240
YFHuxuM-iRo4_160.000_170.000.wav	Speech	4.220	6.160
YFHuxuM-iRo4_160.000_170.000.wav	Speech	7.120	8.740
Yfjiv34te9vc_30.000_40.000.wav	Cat	0.000	0.660
Yfjiv34te9vc_30.000_40.000.wav	Cat	2.280	3.240
Yfjiv34te9vc_30.000_40.000.wav	Cat	3.880	4.860
Yfjiv34te9vc_30.000_40.000.wav	Cat	6.160	7.120
Yfjiv34te9vc_30.000_40.000.wav	Cat	7.760	9.380
YFLFlLKV_oek_130.000_140.000.wav	Frying	0.340	10.020
YFLFlLKV_oek_130.000_140.000.wav	Running_water	4.540	9.700
YflwHYHyToU0_180.000_190.000.wav	Alarm_bell_ringing	3.560	5.500
YflwHYHyToU0_180.000_190.000.wav	Speech	0.000	2.280
YflwHYHyToU0_180.000_190.000.wav	Speech	5.500	6.800
YflwHYHyToU0_180.000_190.000.wav	Speech	7.760	8.740
YflwHYHyToU0_180.000_190.000.wav	Speech	9.700	10.020
YFN9mktgYZJ8_30.000_40.000.wav	Speech	0.660	1.620
YFN9mktgYZJ8_30.000_40.000.wav	Speech	3.240	5.500
YFon1IZ0fRSI_30.000_40.000.wav	Dog	4.220	5.180
YFon1IZ0fRSI_30.000_40.000.wav	Speech	7.120	8.100
YFon1IZ0fRSI_30.000_40.000.wav	Speech	9.380	10.020
YfPC2b7tRXfQ_480.000_490.000.wav	Speech	0.000	5.180
Yfr043wF1zhA_30.000_40.000.wav	Speech	0.000	7.440
YFR9qGkCa78M_140.000_150.000.wav	Dishes	0.660	2.600
YFR9qGkCa78M_140.000_150.000.wav	Dishes	3.560	4.220
YFR9qGkCa78M_140.000_150.000.wav	Dishes	5.180	6.800
YFR9qGkCa78M_140.000_150.000.wav	Dishes	9.380	10.020
YFR9qGkCa78M_140.000_150.000.wav	Speech	4.540	5.180
YFu2PVtbwfhc_470.000_480.000.wav	Dishes	0.000	8.420
YFu2PVtbwfhc_470.000_480.000.wav	Frying	0.000	9.060
YFu2PVtbwfhc_470.000_480.000.wav	Frying	9.380	10.020
YFu2PVtbwfhc_470.000_480.000.wav	Speech	7.760	9.700
YfVTjznfUoT8_21.000_31.000.wav	Alarm_bell_ringing	0.000	3.240
YFWIGDgq_nnM_30.000_40.000.wav	Speech	0.660	1.300
YFWIGDgq_nnM_30.000_40.000.wav	Speech	1.620	4.540
YFWIGDgq_nnM_30.000_40.000.wav	Speech	7.440	10.020
YfZ02KtM1tQQ_30.000_40.000.wav	Alarm_bell_ringing	0.000	10.020
Yf_uADyhDDpE_40.000_50.000.wav	Running_water	0.980	2.280
Yf_uADyhDDpE_40.000_50.000.wav	Speech	0.340	1.620
Yf_uADyhDDpE_40.000_50.000.wav	Speech	1.940	3.880
Yf_uADyhDDpE_40.000_50.000.wav	Speech	5.500	7.120
Yf_uADyhDDpE_40.000_50.000.wav	Speech	7.440	10.020
Yg6qq3GHA9t0_150.000_160.000.wav	Dishes	1.300	10.020
Yg6qq3GHA9t0_150.000_160.000.wav	Frying	0.000	10.020
Yg6qq3GHA9t0_150.000_160.000.wav	Speech	0.340	2.920
Yg6qq3GHA9t0_150.000_160.000.wav	Speech	3.240	4.860
Yg6qq3GHA9t0_150.000_160.000.wav	Speech	5.180	10.020
YG6sxdejGOqw_100.000_110.000.wav	Alarm_bell_ringing	7.760	8.740
YG6sxdejGOqw_100.000_110.000.wav	Dog	3.240	5.180
YG6sxdejGOqw_100.000_110.000.wav	Dishes	0.980	1.620
YG6sxdejGOqw_100.000_110.000.wav	Dishes	6.160	7.440
YG6sxdejGOqw_100.000_110.000.wav	Speech	0.000	0.980
YG6sxdejGOqw_100.000_110.000.wav	Speech	1.620	2.280
YG6sxdejGOqw_100.000_110.000.wav	Speech	4.540	6.160
Yg7IQYuMyGrA_180.000_190.000.wav	Speech	8.420	9.060
YGaN-YxlcIA4_30.000_40.000.wav	Alarm_bell_ringing	0.000	1.300
YGaN-YxlcIA4_30.000_40.000.wav	Alarm_bell_ringing	1.940	3.240
YGaN-YxlcIA4_30.000_40.000.wav	Alarm_bell_ringing	3.880	5.180
YGaN-YxlcIA4_30.000_40.000.wav	Alarm_bell_ringing	5.820	7.120
YGaN-YxlcIA4_30.000_40.000.wav	Alarm_bell_ringing	7.760	9.060
YGc01CEIQnM0_10.000_20.000.wav	Alarm_bell_ringing	9.380	10.020
YGc01CEIQnM0_10.000_20.000.wav	Speech	0.000	9.380
YGl4VW2wZcuM_1.000_11.000.wav	Alarm_bell_ringing	0.000	3.560
YGl4VW2wZcuM_1.000_11.000.wav	Alarm_bell_ringing	6.160	9.380
YGr-aT8sYNN8_30.000_40.000.wav	Vacuum_cleaner	0.000	10.020
YGrnk9p9P7Qk_17.000_27.000.wav	Running_water	1.000	6.580
YGrnk9p9P7Qk_17.000_27.000.wav	Speech	0.340	1.660
YGrnk9p9P7Qk_17.000_27.000.wav	Speech	6.580	7.560
YGrnk9p9P7Qk_17.000_27.000.wav	Speech	8.880	9.860
YGrOGLM09GPQ_110.000_120.000.wav	Blender	0.340	10.020
YgsukGIidetE_150.000_160.000.wav	Dishes	2.280	4.860
YgsukGIidetE_150.000_160.000.wav	Dishes	5.180	6.480
YgsukGIidetE_150.000_160.000.wav	Dishes	7.120	10.020
YgsukGIidetE_150.000_160.000.wav	Frying	1.940	6.800
YgsukGIidetE_150.000_160.000.wav	Frying	7.120	10.020
YgsukGIidetE_150.000_160.000.wav	Speech	0.980	2.600
YgsukGIidetE_150.000_160.000.wav	Speech	4.540	5.820
YgsukGIidetE_150.000_160.000.wav	Speech	6.160	7.440
YgTXz4thnsYQ_100.000_110.000.wav	Blender	0.000	3.560
YgTXz4thnsYQ_100.000_110.000.wav	Dishes	6.160	8.740
YgWClkWgWVkQ_30.000_40.000.wav	Speech	0.340	4.860
Yg_fXHq1Csc4_0.000_10.000.wav	Alarm_bell_ringing	2.280	10.020
YH3BWUt31xhM_20.000_30.000.wav	Running_water	0.000	10.020
YH5iBnsKsKMM_0.000_10.000.wav	Vacuum_cleaner	4.860	10.020
Yh6B3KRPKI0c_80.000_90.000.wav	Running_water	3.240	4.860
Yh76OxJ8x-6w_30.000_40.000.wav	Frying	0.340	1.940
Yh76OxJ8x-6w_30.000_40.000.wav	Speech	0.000	5.820
Yh76OxJ8x-6w_30.000_40.000.wav	Speech	6.160	9.060
YH8akZoFrPvo_30.000_40.000.wav	Speech	3.240	5.180
YH8akZoFrPvo_30.000_40.000.wav	Speech	5.820	10.020
Yh9vUucEhRN4_90.000_100.000.wav	Cat	5.820	6.480
YhEm2oWVXj3g_70.000_80.000.wav	Blender	4.540	10.020
YhEm2oWVXj3g_70.000_80.000.wav	Speech	0.000	2.600
YhFdTLz4HW78_280.000_290.000.wav	Speech	5.820	6.480
YhFdTLz4HW78_280.000_290.000.wav	Speech	8.740	9.380
YhGMrZZaTRSE_450.000_460.000.wav	Speech	0.000	3.560
YhGMrZZaTRSE_450.000_460.000.wav	Vacuum_cleaner	4.540	10.020
YHhP9eZ8cNIY_0.000_10.000.wav	Alarm_bell_ringing	0.000	5.180
YHjyl1n_1muU_6.000_16.000.wav	Cat	0.660	1.640
YHjyl1n_1muU_6.000_16.000.wav	Cat	6.560	7.200
YHpA4ldGoHRQ_24.000_34.000.wav	Running_water	0.000	2.580
YHSPBrLMYWQA_30.000_40.000.wav	Cat	0.340	0.980
YHSPBrLMYWQA_30.000_40.000.wav	Cat	4.860	6.160
YHSPBrLMYWQA_30.000_40.000.wav	Cat	7.120	8.100
YHUm2vzjI6DQ_220.000_230.000.wav	Vacuum_cleaner	0.000	10.020
YhYBE6m0peaM_340.000_350.000.wav	Blender	3.560	9.700
YhYBE6m0peaM_340.000_350.000.wav	Speech	0.000	3.560
YhykPnezhLZs_20.000_30.000.wav	Running_water	4.860	10.020
YhykPnezhLZs_20.000_30.000.wav	Speech	0.000	1.620
YHyq_Kc64Fgw_10.000_20.000.wav	Frying	5.500	10.020
YHyq_Kc64Fgw_10.000_20.000.wav	Speech	1.940	3.240
YHyq_Kc64Fgw_10.000_20.000.wav	Speech	7.440	10.020
YI0qvH0g393w_20.000_30.000.wav	Alarm_bell_ringing	0.660	3.560
YI0qvH0g393w_20.000_30.000.wav	Alarm_bell_ringing	5.820	8.100
YI1GC1yWdM_c_30.000_40.000.wav	Cat	4.540	4.860
YI1GC1yWdM_c_30.000_40.000.wav	Cat	5.500	8.740
YI1GC1yWdM_c_30.000_40.000.wav	Cat	9.380	10.020
YI1GC1yWdM_c_30.000_40.000.wav	Speech	0.660	4.540
YI5yMAPfZsBQ_360.000_370.000.wav	Speech	3.240	4.860
YI5yMAPfZsBQ_360.000_370.000.wav	Speech	5.180	5.500
YI5yMAPfZsBQ_360.000_370.000.wav	Speech	8.740	10.020
YIBGfcPIw-KY_0.000_10.000.wav	Dog	0.660	1.620
YIBGfcPIw-KY_0.000_10.000.wav	Dog	3.240	3.880
YIBGfcPIw-KY_0.000_10.000.wav	Dog	6.480	7.120
YIBGfcPIw-KY_0.000_10.000.wav	Dog	8.420	9.380
Yicmx2wzE7KM_210.000_220.000.wav	Dishes	2.280	8.420
Yicmx2wzE7KM_210.000_220.000.wav	Frying	0.000	8.740
Yicmx2wzE7KM_210.000_220.000.wav	Speech	0.000	2.600
Yicmx2wzE7KM_210.000_220.000.wav	Speech	4.860	5.820
Yicmx2wzE7KM_210.000_220.000.wav	Speech	7.760	9.700
YIcOOOLZVXnA_30.000_40.000.wav	Alarm_bell_ringing	4.540	7.440
YIcOOOLZVXnA_30.000_40.000.wav	Dog	7.760	9.700
YIcOOOLZVXnA_30.000_40.000.wav	Speech	2.280	3.560
YiCuoP_GjP5U_450.000_460.000.wav	Electric_shaver_toothbrush	0.000	10.020
YIEC8cLcZ6IE_170.000_180.000.wav	Electric_shaver_toothbrush	0.000	0.660
YIEC8cLcZ6IE_170.000_180.000.wav	Electric_shaver_toothbrush	2.600	2.920
YIEC8cLcZ6IE_170.000_180.000.wav	Electric_shaver_toothbrush	8.740	10.020
YIEC8cLcZ6IE_170.000_180.000.wav	Speech	0.660	2.600
YIEC8cLcZ6IE_170.000_180.000.wav	Speech	2.920	8.740
YIIAJof41rNs_0.000_10.000.wav	Alarm_bell_ringing	5.960	8.280
YIK9DLm06eLQ_60.000_70.000.wav	Cat	2.920	3.560
YIK9DLm06eLQ_60.000_70.000.wav	Dog	5.180	7.440
YIK9DLm06eLQ_60.000_70.000.wav	Speech	7.760	10.020
YIlqOpkmy4C0_11.000_21.000.wav	Alarm_bell_ringing	0.000	7.860
YiNpXCzaWW1s_1.000_11.000.wav	Alarm_bell_ringing	0.000	0.640
YiNpXCzaWW1s_1.000_11.000.wav	Alarm_bell_ringing	0.960	1.600
YiNpXCzaWW1s_1.000_11.000.wav	Alarm_bell_ringing	1.920	2.560
YiNpXCzaWW1s_1.000_11.000.wav	Alarm_bell_ringing	2.880	3.520
YiNpXCzaWW1s_1.000_11.000.wav	Alarm_bell_ringing	3.840	4.480
YiNpXCzaWW1s_1.000_11.000.wav	Alarm_bell_ringing	4.800	5.440
YiNpXCzaWW1s_1.000_11.000.wav	Alarm_bell_ringing	5.760	6.400
YiNpXCzaWW1s_1.000_11.000.wav	Alarm_bell_ringing	7.040	7.680
YiNpXCzaWW1s_1.000_11.000.wav	Alarm_bell_ringing	8.000	8.640
YINZwiQGobsQ_580.000_590.000.wav	Alarm_bell_ringing	4.540	5.500
YINZwiQGobsQ_580.000_590.000.wav	Electric_shaver_toothbrush	3.560	4.540
YINZwiQGobsQ_580.000_590.000.wav	Speech	0.340	2.920
YIPIS6TUVpSM_30.000_40.000.wav	Blender	0.340	4.860
YIPIS6TUVpSM_30.000_40.000.wav	Blender	6.480	9.380
YIPIS6TUVpSM_30.000_40.000.wav	Speech	9.380	10.020
YIpqtJmqY4-w_200.000_210.000.wav	Dog	4.540	5.500
YIpqtJmqY4-w_200.000_210.000.wav	Dog	8.100	8.420
YIpqtJmqY4-w_200.000_210.000.wav	Dog	9.380	10.020
YIsKPMBn6irE_12.000_22.000.wav	Dog	0.340	1.660
YIsKPMBn6irE_12.000_22.000.wav	Dog	6.260	8.880
YItfBY9SrWM8_10.000_20.000.wav	Speech	8.420	9.700
YIUdIAuoqEbM_0.000_10.000.wav	Cat	5.820	6.800
Yiwlg338ja-k_360.000_370.000.wav	Dog	6.800	9.060
Yiwlg338ja-k_360.000_370.000.wav	Speech	0.000	0.980
Yiwlg338ja-k_360.000_370.000.wav	Speech	1.620	1.940
YIZ_zfkNcxRQ_61.000_71.000.wav	Electric_shaver_toothbrush	1.300	1.620
YIZ_zfkNcxRQ_61.000_71.000.wav	Electric_shaver_toothbrush	4.540	7.440
YIZ_zfkNcxRQ_61.000_71.000.wav	Speech	0.000	4.540
YI_YpojoZeAI_350.000_360.000.wav	Blender	0.000	5.820
YI_YpojoZeAI_350.000_360.000.wav	Blender	7.440	10.020
YJ46ePPdaEZk_10.000_20.000.wav	Speech	0.000	3.560
YJ46ePPdaEZk_10.000_20.000.wav	Speech	6.800	8.100
YJ46ePPdaEZk_10.000_20.000.wav	Speech	9.060	10.020
YJCQHV_YHSEI_30.000_40.000.wav	Speech	8.100	8.740
YjEGElZwMzYM_0.000_10.000.wav	Running_water	2.600	10.020
YJErx-AImWqk_0.000_10.000.wav	Dog	0.340	2.920
YJErx-AImWqk_0.000_10.000.wav	Dog	4.220	7.120
YJErx-AImWqk_0.000_10.000.wav	Dog	8.100	8.740
YJErx-AImWqk_0.000_10.000.wav	Dog	9.060	9.700
YjGlA7jMqfl0_20.000_30.000.wav	Running_water	4.300	8.580
YJjqHDGzcz6c_100.000_110.000.wav	Vacuum_cleaner	3.560	10.020
YJlc4DETobHE_50.000_60.000.wav	Running_water	0.000	6.160
YjlmyAZSidOQ_290.000_300.000.wav	Running_water	0.340	3.240
YjlmyAZSidOQ_290.000_300.000.wav	Speech	4.860	9.060
YJQwirnKysXI_30.000_40.000.wav	Speech	0.000	10.020
YJQ_4fYOd-R0_30.000_40.000.wav	Running_water	4.220	5.500
YJunna4uGy5I_510.000_520.000.wav	Speech	0.000	2.280
YJunna4uGy5I_510.000_520.000.wav	Speech	2.600	3.560
YJunna4uGy5I_510.000_520.000.wav	Speech	6.480	7.120
YJunna4uGy5I_510.000_520.000.wav	Speech	9.060	10.020
Yjw7wqfei3Fw_20.000_30.000.wav	Speech	0.000	1.300
YJwhuPQxlCpg_30.000_40.000.wav	Running_water	8.740	10.020
YJ_AaZl54Bro_10.000_20.000.wav	Vacuum_cleaner	0.000	10.020
Yk2GF-95Rn-U_210.000_220.000.wav	Electric_shaver_toothbrush	0.980	1.300
Yk2GF-95Rn-U_210.000_220.000.wav	Electric_shaver_toothbrush	2.600	3.240
Yk2GF-95Rn-U_210.000_220.000.wav	Electric_shaver_toothbrush	7.120	7.760
Yk2GF-95Rn-U_210.000_220.000.wav	Electric_shaver_toothbrush	8.740	9.700
Yk2GF-95Rn-U_210.000_220.000.wav	Speech	0.340	0.980
Yk2GF-95Rn-U_210.000_220.000.wav	Speech	1.300	2.920
Yk2GF-95Rn-U_210.000_220.000.wav	Speech	3.240	7.120
Yk2GF-95Rn-U_210.000_220.000.wav	Speech	7.440	9.060
Yk2GF-95Rn-U_210.000_220.000.wav	Speech	9.700	10.020
Yk4ExqQTNklk_210.000_220.000.wav	Running_water	1.940	6.480
Yk4k-ULQJzAI_30.000_40.000.wav	Running_water	2.920	10.020
Yk72FzEY2C7w_130.000_140.000.wav	Speech	0.000	2.920
Yk72FzEY2C7w_130.000_140.000.wav	Speech	8.420	10.020
Ykdf1gSHWMKE_120.000_130.000.wav	Electric_shaver_toothbrush	3.560	8.100
Ykdf1gSHWMKE_120.000_130.000.wav	Speech	0.000	3.240
YkDwLN8_XS4Y_30.000_40.000.wav	Speech	0.000	0.980
YkDwLN8_XS4Y_30.000_40.000.wav	Speech	1.620	10.020
YkEakYl5pDEM_210.000_220.000.wav	Speech	3.560	6.480
YKIudjmj3ac4_390.000_400.000.wav	Frying	3.240	8.740
YKIudjmj3ac4_390.000_400.000.wav	Speech	0.000	3.240
YKIudjmj3ac4_390.000_400.000.wav	Speech	5.500	6.480
YKIudjmj3ac4_390.000_400.000.wav	Speech	8.740	9.380
YkjGjMDpTzvs_320.000_330.000.wav	Dishes	7.760	8.740
YkjGjMDpTzvs_320.000_330.000.wav	Speech	0.000	1.620
YkjGjMDpTzvs_320.000_330.000.wav	Speech	1.940	4.220
YkjGjMDpTzvs_320.000_330.000.wav	Speech	8.740	10.020
YkjhwyGWGDkY_30.000_40.000.wav	Alarm_bell_ringing	2.920	3.880
YkjhwyGWGDkY_30.000_40.000.wav	Speech	0.000	0.980
YkjhwyGWGDkY_30.000_40.000.wav	Speech	5.180	10.020
YKk6C7Mm6qWM_20.000_30.000.wav	Alarm_bell_ringing	4.860	10.020
YKkPrgFi9X6U_20.000_30.000.wav	Dishes	0.000	1.300
YKkPrgFi9X6U_20.000_30.000.wav	Dishes	3.240	3.560
YKNFHL6rv_M4_50.000_60.000.wav	Blender	5.820	8.100
YKNFHL6rv_M4_50.000_60.000.wav	Speech	0.000	1.940
YKNFHL6rv_M4_50.000_60.000.wav	Speech	3.880	4.860
YKNFHL6rv_M4_50.000_60.000.wav	Speech	9.700	10.020
YKRdvyjpQfoI_0.000_10.000.wav	Dog	2.600	3.240
YKRdvyjpQfoI_0.000_10.000.wav	Dog	3.560	4.220
YKRdvyjpQfoI_0.000_10.000.wav	Dog	5.180	5.500
YKRdvyjpQfoI_0.000_10.000.wav	Dog	9.060	9.700
YKS2aTlLJPo8_90.000_100.000.wav	Dog	2.920	4.540
YKS2aTlLJPo8_90.000_100.000.wav	Dog	5.180	5.500
YKS2aTlLJPo8_90.000_100.000.wav	Dog	5.820	6.480
YKyMT2DRBqTo_40.000_50.000.wav	Speech	0.000	7.760
YKyMT2DRBqTo_40.000_50.000.wav	Speech	8.420	10.020
YL28CnhmeAD4_30.000_40.000.wav	Alarm_bell_ringing	1.940	2.920
YL28CnhmeAD4_30.000_40.000.wav	Alarm_bell_ringing	3.240	5.500
YL28CnhmeAD4_30.000_40.000.wav	Alarm_bell_ringing	6.160	7.120
Yl2RKDnvKjPc_150.000_160.000.wav	Frying	0.340	10.020
Yl2RKDnvKjPc_150.000_160.000.wav	Speech	0.000	2.600
YL3SIlxdLGxI_340.000_350.000.wav	Electric_shaver_toothbrush	0.980	3.560
YL3SIlxdLGxI_340.000_350.000.wav	Electric_shaver_toothbrush	8.740	10.020
YL3SIlxdLGxI_340.000_350.000.wav	Frying	3.880	7.120
YL3SIlxdLGxI_340.000_350.000.wav	Speech	0.000	0.980
YL3SIlxdLGxI_340.000_350.000.wav	Speech	3.560	4.540
YL3SIlxdLGxI_340.000_350.000.wav	Speech	5.180	6.480
YL3SIlxdLGxI_340.000_350.000.wav	Speech	7.120	8.740
Yl78ooOwvRyY_0.000_6.000.wav	Dog	0.980	2.280
YLaaz6hgQ940_110.000_120.000.wav	Electric_shaver_toothbrush	0.000	0.660
YLaaz6hgQ940_110.000_120.000.wav	Speech	1.300	2.920
YLaaz6hgQ940_110.000_120.000.wav	Speech	5.500	7.120
YLaaz6hgQ940_110.000_120.000.wav	Speech	9.060	9.700
YlBzEk72sMr0_370.000_380.000.wav	Speech	0.000	2.600
YlBzEk72sMr0_370.000_380.000.wav	Speech	3.880	4.860
YlBzEk72sMr0_370.000_380.000.wav	Speech	5.820	7.120
YlBzEk72sMr0_370.000_380.000.wav	Speech	7.440	9.060
YlBzEk72sMr0_370.000_380.000.wav	Speech	9.380	10.020
YLf9Ll9KOBfY_320.000_330.000.wav	Speech	1.620	2.600
YLf9Ll9KOBfY_320.000_330.000.wav	Speech	2.920	3.880
YLf9Ll9KOBfY_320.000_330.000.wav	Speech	7.760	9.380
YLH8GnA-aJ_M_180.000_190.000.wav	Speech	0.000	7.120
YLH8GnA-aJ_M_180.000_190.000.wav	Speech	7.440	9.060
YLHY9L1MjQvQ_30.000_40.000.wav	Speech	0.000	6.480
YLHY9L1MjQvQ_30.000_40.000.wav	Speech	8.100	10.020
YLKCyqioKymc_30.000_40.000.wav	Alarm_bell_ringing	6.160	8.100
YLMBKhB8SuAg_0.000_10.000.wav	Alarm_bell_ringing	1.300	3.560
YLnhLeWWaxxc_450.000_460.000.wav	Alarm_bell_ringing	4.860	6.160
YLnhLeWWaxxc_450.000_460.000.wav	Speech	0.000	1.300
YLnhLeWWaxxc_450.000_460.000.wav	Speech	6.160	7.120
YLnhLeWWaxxc_450.000_460.000.wav	Speech	9.380	10.020
YLPvJFjsxMj8_30.000_40.000.wav	Cat	0.340	1.620
YLPvJFjsxMj8_30.000_40.000.wav	Cat	2.600	3.240
YlQ2_0IqvH8g_60.000_70.000.wav	Speech	1.620	3.240
YlQ2_0IqvH8g_60.000_70.000.wav	Speech	8.100	10.020
YLQdCy79W9Vw_20.000_30.000.wav	Frying	4.860	10.020
YLQdCy79W9Vw_20.000_30.000.wav	Speech	0.000	1.300
YLQdCy79W9Vw_20.000_30.000.wav	Speech	1.940	6.800
YlUIqPVoadK0_90.000_100.000.wav	Dishes	3.240	3.880
YlUIqPVoadK0_90.000_100.000.wav	Dishes	8.100	9.060
YlUIqPVoadK0_90.000_100.000.wav	Speech	0.340	3.240
YlUIqPVoadK0_90.000_100.000.wav	Speech	3.880	5.180
YlUIqPVoadK0_90.000_100.000.wav	Speech	5.820	8.100
YlUIqPVoadK0_90.000_100.000.wav	Speech	9.060	10.020
YLYHc-tF4upI_70.000_80.000.wav	Electric_shaver_toothbrush	0.000	9.320
YLyIhmCTPLUc_30.000_40.000.wav	Cat	0.980	1.620
YLyIhmCTPLUc_30.000_40.000.wav	Cat	2.920	4.220
Ym-zOMNnVX78_40.000_50.000.wav	Speech	6.800	7.440
YM34hO-PqzpE_50.000_60.000.wav	Vacuum_cleaner	0.000	10.020
Ym5I_M9d80Wg_30.000_40.000.wav	Cat	3.880	4.860
Ym5I_M9d80Wg_30.000_40.000.wav	Cat	9.700	10.020
Ym5I_M9d80Wg_30.000_40.000.wav	Dog	0.660	1.300
Ym5I_M9d80Wg_30.000_40.000.wav	Dog	1.940	3.240
YMA2MTloAjr8_10.000_20.000.wav	Alarm_bell_ringing	0.340	3.240
YMA2MTloAjr8_10.000_20.000.wav	Alarm_bell_ringing	3.560	4.220
YMA2MTloAjr8_10.000_20.000.wav	Alarm_bell_ringing	4.540	9.380
YMC_xbXx2xT4_10.000_20.000.wav	Dog	0.340	2.600
YMC_xbXx2xT4_10.000_20.000.wav	Dog	3.240	3.880
YMC_xbXx2xT4_10.000_20.000.wav	Speech	5.500	10.020
YMdpwk2w-GSM_90.000_100.000.wav	Blender	5.180	9.060
YMdpwk2w-GSM_90.000_100.000.wav	Blender	9.380	10.020
YMdpwk2w-GSM_90.000_100.000.wav	Speech	0.980	2.920
YMdpwk2w-GSM_90.000_100.000.wav	Speech	3.240	4.860
YMF88IYF2MHY_0.000_10.000.wav	Electric_shaver_toothbrush	5.180	6.160
YMFAttF_l0LY_30.000_40.000.wav	Electric_shaver_toothbrush	0.000	9.700
YMgD5JedaXGs_20.000_30.000.wav	Dog	0.660	2.280
YMgD5JedaXGs_20.000_30.000.wav	Dog	2.920	5.180
YMgD5JedaXGs_20.000_30.000.wav	Dog	6.160	6.800
YmH0qxsxLypw_80.000_90.000.wav	Cat	0.000	3.240
YmH0qxsxLypw_80.000_90.000.wav	Cat	3.880	5.820
YmH0qxsxLypw_80.000_90.000.wav	Cat	6.480	10.020
YMkqLRewM5jM_221.000_231.000.wav	Speech	0.000	9.700
YMNwv1tGeR_I_30.000_40.000.wav	Dog	6.480	7.760
YMNwv1tGeR_I_30.000_40.000.wav	Speech	0.340	1.620
YMNwv1tGeR_I_30.000_40.000.wav	Speech	2.280	4.860
YMNwv1tGeR_I_30.000_40.000.wav	Speech	8.100	9.700
YMOEE9uo6MCk_20.000_30.000.wav	Running_water	0.000	1.940
YMOEE9uo6MCk_20.000_30.000.wav	Speech	2.600	3.240
YMOEE9uo6MCk_20.000_30.000.wav	Speech	3.880	5.820
YMOEE9uo6MCk_20.000_30.000.wav	Speech	7.440	8.420
YmOPDIKfulgg_360.000_370.000.wav	Vacuum_cleaner	7.440	10.020
YMqhi83-ntG4_340.000_350.000.wav	Speech	2.920	7.120
YMqhi83-ntG4_340.000_350.000.wav	Speech	8.740	9.700
YMr2kGT6i7e4_20.000_30.000.wav	Electric_shaver_toothbrush	0.660	2.600
YMr2kGT6i7e4_20.000_30.000.wav	Speech	0.000	0.660
YMr2kGT6i7e4_20.000_30.000.wav	Speech	4.220	5.820
YMr2kGT6i7e4_20.000_30.000.wav	Speech	6.160	8.420
YMr2kGT6i7e4_20.000_30.000.wav	Speech	8.740	9.060
YMUJmWnjGEBk_0.000_10.000.wav	Speech	3.880	7.440
YMUJmWnjGEBk_0.000_10.000.wav	Speech	7.760	9.380
YmXhgTalUktk_540.000_550.000.wav	Dishes	3.560	4.220
YmXhgTalUktk_540.000_550.000.wav	Speech	0.000	1.940
YmXhgTalUktk_540.000_550.000.wav	Speech	2.280	3.240
YmXhgTalUktk_540.000_550.000.wav	Speech	3.880	5.820
YmXhgTalUktk_540.000_550.000.wav	Speech	6.480	9.060
YMy0YmR6tYAk_60.000_70.000.wav	Vacuum_cleaner	0.000	10.020
YMYxhRD4RVmQ_10.000_20.000.wav	Speech	9.060	10.020
YMYxhRD4RVmQ_10.000_20.000.wav	Vacuum_cleaner	0.980	8.420
YmzcLIsIS050_490.000_500.000.wav	Frying	0.000	1.940
YmzcLIsIS050_490.000_500.000.wav	Speech	1.940	10.020
YM_3Mk2nMydQ_30.000_40.000.wav	Vacuum_cleaner	2.920	10.020
YN4gbP2QU2fk_220.000_230.000.wav	Speech	0.340	0.980
YN4gbP2QU2fk_220.000_230.000.wav	Speech	5.820	6.480
Yn5jbdl4kk-0_100.000_110.000.wav	Speech	6.800	8.100
Yn5jbdl4kk-0_100.000_110.000.wav	Speech	9.700	10.020
YN6e5C5sXdBI_0.000_10.000.wav	Cat	7.760	8.420
YN6e5C5sXdBI_0.000_10.000.wav	Cat	9.700	10.020
YN6e5C5sXdBI_0.000_10.000.wav	Dog	1.940	5.180
YN6jWCVO38iA_20.000_30.000.wav	Speech	4.540	10.020
YNDtjWqCrP4Y_340.000_350.000.wav	Blender	0.660	3.880
YnF0pJOjN0gw_120.000_130.000.wav	Alarm_bell_ringing	0.980	3.240
YNF1lwZ24RYI_30.000_40.000.wav	Dog	0.000	1.940
YNF1lwZ24RYI_30.000_40.000.wav	Dog	3.240	4.220
YNF1lwZ24RYI_30.000_40.000.wav	Dog	4.540	5.180
YNF1lwZ24RYI_30.000_40.000.wav	Dog	6.160	7.760
YNF1lwZ24RYI_30.000_40.000.wav	Dog	8.740	9.700
YNfSea2VFxJc_0.000_6.000.wav	Alarm_bell_ringing	1.960	3.580
YNgBE9eFXXxA_0.000_10.000.wav	Alarm_bell_ringing	3.560	8.740
YNjIBZKo4jUc_70.000_80.000.wav	Running_water	0.980	3.560
YNjIBZKo4jUc_70.000_80.000.wav	Speech	3.560	6.800
YNjIBZKo4jUc_70.000_80.000.wav	Speech	8.100	8.740
YNjIBZKo4jUc_70.000_80.000.wav	Speech	9.700	10.020
YNJObNgIHwUw_0.000_10.000.wav	Alarm_bell_ringing	0.340	1.300
YNJObNgIHwUw_0.000_10.000.wav	Speech	1.300	5.180
YNJObNgIHwUw_0.000_10.000.wav	Speech	7.440	10.020
YNKfyi7q0JNU_30.000_40.000.wav	Dog	0.660	2.920
YNKfyi7q0JNU_30.000_40.000.wav	Dog	3.240	4.220
YNKfyi7q0JNU_30.000_40.000.wav	Speech	0.000	0.660
YNKfyi7q0JNU_30.000_40.000.wav	Speech	5.820	6.160
YNKfyi7q0JNU_30.000_40.000.wav	Speech	7.440	8.100
YnmuGX7pwjTE_250.000_260.000.wav	Frying	0.660	4.540
YnmuGX7pwjTE_250.000_260.000.wav	Frying	5.500	7.760
YnmuGX7pwjTE_250.000_260.000.wav	Frying	8.420	10.020
YnmuGX7pwjTE_250.000_260.000.wav	Speech	0.000	0.980
YnmuGX7pwjTE_250.000_260.000.wav	Speech	1.620	3.240
YnmuGX7pwjTE_250.000_260.000.wav	Speech	3.560	5.500
YnmuGX7pwjTE_250.000_260.000.wav	Speech	5.820	7.120
YnmuGX7pwjTE_250.000_260.000.wav	Speech	7.760	10.020
YnN8fv4eZ7FM_350.000_360.000.wav	Electric_shaver_toothbrush	0.000	2.920
YnN8fv4eZ7FM_350.000_360.000.wav	Electric_shaver_toothbrush	3.880	5.180
YnN8fv4eZ7FM_350.000_360.000.wav	Electric_shaver_toothbrush	6.160	8.420
YnN8fv4eZ7FM_350.000_360.000.wav	Speech	3.240	3.880
YnN8fv4eZ7FM_350.000_360.000.wav	Speech	5.180	6.480
YnN8fv4eZ7FM_350.000_360.000.wav	Speech	8.420	9.700
YNpBpCvW0Rus_60.000_70.000.wav	Electric_shaver_toothbrush	0.000	10.020
Ynq4cdrT7zvs_30.000_40.000.wav	Alarm_bell_ringing	0.980	3.880
Ynq4cdrT7zvs_30.000_40.000.wav	Speech	0.000	0.980
Ynq4cdrT7zvs_30.000_40.000.wav	Speech	4.220	8.420
Ynq4cdrT7zvs_30.000_40.000.wav	Speech	8.740	10.020
YNuvgBjmUW1g_140.000_150.000.wav	Dog	2.920	4.220
YNuvgBjmUW1g_140.000_150.000.wav	Dog	5.500	8.420
YNuvgBjmUW1g_140.000_150.000.wav	Dog	8.740	9.700
YNuvgBjmUW1g_140.000_150.000.wav	Speech	0.000	1.940
YNuvgBjmUW1g_140.000_150.000.wav	Speech	2.600	3.240
YNuvgBjmUW1g_140.000_150.000.wav	Speech	3.880	5.500
YNyIzowSEuqQ_10.000_20.000.wav	Running_water	7.760	9.380
YN_bWjtccFg0_20.000_30.000.wav	Dog	4.860	7.760
YN_bWjtccFg0_20.000_30.000.wav	Dog	8.420	9.700
YN_bWjtccFg0_20.000_30.000.wav	Speech	0.000	0.980
YN_NCQdSQ0eA_220.000_230.000.wav	Running_water	0.660	3.560
YN_NCQdSQ0eA_220.000_230.000.wav	Speech	3.560	4.860
YN_NCQdSQ0eA_220.000_230.000.wav	Speech	5.180	8.740
YO1sS0ahb4MA_160.000_170.000.wav	Speech	3.560	4.860
YO1sS0ahb4MA_160.000_170.000.wav	Speech	5.820	8.100
YO1sS0ahb4MA_160.000_170.000.wav	Speech	8.740	10.020
YO5vWaj07zN4_30.000_40.000.wav	Vacuum_cleaner	0.000	10.020
YOA6RBTfBP-M_0.000_10.000.wav	Dog	0.660	1.620
YOA6RBTfBP-M_0.000_10.000.wav	Dog	5.180	6.480
YOAEeDczKnCA_200.000_210.000.wav	Vacuum_cleaner	0.000	10.020
YOCIQYk1eMHU_120.000_130.000.wav	Alarm_bell_ringing	1.300	5.500
YOEmncpMnPak_30.000_40.000.wav	Alarm_bell_ringing	6.120	7.420
YOEmncpMnPak_30.000_40.000.wav	Speech	0.980	1.620
YOEmncpMnPak_30.000_40.000.wav	Speech	4.840	5.480
YOEmncpMnPak_30.000_40.000.wav	Speech	8.060	9.020
YOFhMVCVS3xI_270.000_280.000.wav	Speech	6.800	10.020
YOGvcA1UgYHY_260.000_270.000.wav	Speech	0.000	1.300
YOHT925Zi2bE_110.000_120.000.wav	Blender	0.000	10.020
YOmVI8nT4KvA_150.000_160.000.wav	Cat	6.800	7.440
YOmVI8nT4KvA_150.000_160.000.wav	Electric_shaver_toothbrush	0.000	6.800
YOmVI8nT4KvA_150.000_160.000.wav	Electric_shaver_toothbrush	7.760	10.020
YOni8cJ3oNic_0.000_10.000.wav	Alarm_bell_ringing	6.160	9.060
YOnJaLTDVxjQ_240.000_250.000.wav	Speech	0.660	1.300
YOnJaLTDVxjQ_240.000_250.000.wav	Speech	2.920	5.500
YOnJaLTDVxjQ_240.000_250.000.wav	Speech	7.440	9.700
YOPN5i2GyhZM_130.000_140.000.wav	Dishes	0.340	2.280
YOPN5i2GyhZM_130.000_140.000.wav	Dishes	6.160	7.440
YOPN5i2GyhZM_130.000_140.000.wav	Frying	0.000	3.880
YOPN5i2GyhZM_130.000_140.000.wav	Speech	0.000	0.660
YOPN5i2GyhZM_130.000_140.000.wav	Speech	1.940	3.240
YOPN5i2GyhZM_130.000_140.000.wav	Speech	3.560	6.480
YOPN5i2GyhZM_130.000_140.000.wav	Speech	6.800	10.020
YOpsC1fCg4IU_170.000_180.000.wav	Electric_shaver_toothbrush	0.000	9.380
YOpsC1fCg4IU_170.000_180.000.wav	Speech	9.380	10.020
YOuxjt5e8x-o_50.000_60.000.wav	Speech	0.000	0.980
YOuxjt5e8x-o_50.000_60.000.wav	Speech	3.880	4.860
YOV8eysG8KEk_1.000_11.000.wav	Cat	2.620	3.280
YOV8eysG8KEk_1.000_11.000.wav	Speech	5.900	6.560
YoWNUJ268q0Y_43.000_53.000.wav	Speech	0.000	1.300
YoWNUJ268q0Y_43.000_53.000.wav	Speech	1.620	2.600
YoWNUJ268q0Y_43.000_53.000.wav	Speech	5.820	6.480
YoWNUJ268q0Y_43.000_53.000.wav	Speech	7.440	8.100
YoWNUJ268q0Y_43.000_53.000.wav	Speech	8.420	10.020
YO_1Cqphz0oQ_30.000_40.000.wav	Alarm_bell_ringing	0.000	10.020
Yp-DFoKuwjAw_180.000_190.000.wav	Frying	0.660	8.100
Yp-DFoKuwjAw_180.000_190.000.wav	Frying	8.420	10.020
Yp-DFoKuwjAw_180.000_190.000.wav	Speech	0.660	1.940
Yp-DFoKuwjAw_180.000_190.000.wav	Speech	4.220	5.500
Yp-DFoKuwjAw_180.000_190.000.wav	Speech	5.820	10.020
YP-QOd_28o9c_30.000_40.000.wav	Alarm_bell_ringing	0.000	0.660
YP-QOd_28o9c_30.000_40.000.wav	Alarm_bell_ringing	6.160	8.100
YP-QOd_28o9c_30.000_40.000.wav	Speech	0.660	6.160
YP-QOd_28o9c_30.000_40.000.wav	Speech	7.760	10.020
YP15JhIEHVHg_30.000_40.000.wav	Dog	0.000	4.220
YP15JhIEHVHg_30.000_40.000.wav	Dog	5.500	10.020
YpAG3mZgGxfk_230.000_240.000.wav	Blender	2.600	3.560
YpAG3mZgGxfk_230.000_240.000.wav	Blender	7.760	8.100
YpAG3mZgGxfk_230.000_240.000.wav	Speech	0.000	2.600
YpAG3mZgGxfk_230.000_240.000.wav	Speech	3.560	7.760
YpAG3mZgGxfk_230.000_240.000.wav	Speech	8.100	10.020
YpaklihxDg6M_340.000_350.000.wav	Electric_shaver_toothbrush	2.920	7.760
YpaklihxDg6M_340.000_350.000.wav	Electric_shaver_toothbrush	8.420	10.020
YpaklihxDg6M_340.000_350.000.wav	Speech	0.000	2.920
YpaklihxDg6M_340.000_350.000.wav	Speech	7.440	8.740
YPB3VhxPnYIQ_30.000_40.000.wav	Dog	0.660	1.940
YPB3VhxPnYIQ_30.000_40.000.wav	Dog	2.600	3.880
YPEw6mGXUzs4_130.000_140.000.wav	Frying	0.340	10.020
YPEw6mGXUzs4_130.000_140.000.wav	Speech	0.000	1.620
YPEw6mGXUzs4_130.000_140.000.wav	Speech	2.280	6.160
YPEw6mGXUzs4_130.000_140.000.wav	Speech	6.800	7.440
YPEw6mGXUzs4_130.000_140.000.wav	Speech	7.760	9.060
YpID6qxDsK8k_320.000_330.000.wav	Speech	0.000	1.620
YpID6qxDsK8k_320.000_330.000.wav	Speech	2.600	5.500
YPiVcdJd0uAo_25.000_35.000.wav	Dog	0.660	2.280
YPiVcdJd0uAo_25.000_35.000.wav	Speech	4.560	6.180
YPlGrb1DKbao_130.000_140.000.wav	Speech	0.340	1.300
YPlGrb1DKbao_130.000_140.000.wav	Speech	2.280	4.860
YPLT9NHo2XHw_30.000_40.000.wav	Speech	0.000	2.280
YPLT9NHo2XHw_30.000_40.000.wav	Speech	2.920	3.560
YPLT9NHo2XHw_30.000_40.000.wav	Speech	4.220	7.760
YPLT9NHo2XHw_30.000_40.000.wav	Speech	9.380	10.020
YpqQCdtURruc_0.000_8.000.wav	Alarm_bell_ringing	0.000	3.520
YpqQCdtURruc_0.000_8.000.wav	Alarm_bell_ringing	3.840	7.360
YpTeGV9qRyL8_210.000_220.000.wav	Dishes	0.000	7.440
YpTeGV9qRyL8_210.000_220.000.wav	Frying	0.000	10.020
YpTeGV9qRyL8_210.000_220.000.wav	Speech	7.120	10.020
YPTUxCvCz8Bc_170.000_180.000.wav	Dishes	6.480	10.020
YPTUxCvCz8Bc_170.000_180.000.wav	Frying	0.000	10.020
YPTUxCvCz8Bc_170.000_180.000.wav	Speech	0.000	5.180
YPTUxCvCz8Bc_170.000_180.000.wav	Speech	5.820	6.480
YPTUxCvCz8Bc_170.000_180.000.wav	Speech	6.800	8.740
YPTUxCvCz8Bc_170.000_180.000.wav	Speech	9.700	10.020
YPUwNDssbDXw_0.000_10.000.wav	Running_water	1.940	10.020
YpVgoBDzwHig_3.000_13.000.wav	Alarm_bell_ringing	0.000	5.780
YPwdYrskUF3Q_80.000_90.000.wav	Dishes	0.000	2.600
YPwdYrskUF3Q_80.000_90.000.wav	Dishes	3.560	4.860
YPwdYrskUF3Q_80.000_90.000.wav	Dishes	5.820	8.420
YPwdYrskUF3Q_80.000_90.000.wav	Dishes	9.060	10.020
YPwdYrskUF3Q_80.000_90.000.wav	Speech	5.180	5.820
YPX9kGT0E7B0_30.000_40.000.wav	Alarm_bell_ringing	0.000	1.000
YPX9kGT0E7B0_30.000_40.000.wav	Dog	1.000	1.640
YPX9kGT0E7B0_30.000_40.000.wav	Dog	5.240	5.900
YPX9kGT0E7B0_30.000_40.000.wav	Speech	1.640	2.300
YPX9kGT0E7B0_30.000_40.000.wav	Speech	2.620	3.600
YP_ZTg9UHBHE_30.000_40.000.wav	Running_water	2.280	9.380
YQ0pSP7dO0M8_150.000_160.000.wav	Running_water	1.940	10.020
Yq1gZT6aiY_o_30.000_40.000.wav	Alarm_bell_ringing	1.620	2.280
Yq1gZT6aiY_o_30.000_40.000.wav	Alarm_bell_ringing	4.220	4.860
Yq1gZT6aiY_o_30.000_40.000.wav	Alarm_bell_ringing	7.120	8.100
YqCMCR45l55c_30.000_40.000.wav	Cat	0.000	0.980
YQcOjEq9Mt5E_70.000_80.000.wav	Running_water	0.340	9.700
YQejVyYvjrrs_10.000_20.000.wav	Dog	4.860	5.820
YQejVyYvjrrs_10.000_20.000.wav	Speech	8.420	10.020
YQFnwnAHcttY_30.000_40.000.wav	Running_water	0.000	2.280
YQFnwnAHcttY_30.000_40.000.wav	Speech	2.600	3.560
YQFnwnAHcttY_30.000_40.000.wav	Speech	3.880	5.180
YQFnwnAHcttY_30.000_40.000.wav	Speech	6.480	8.420
YQhlmKHbPFhU_30.000_40.000.wav	Speech	3.560	4.220
YQhlmKHbPFhU_30.000_40.000.wav	Vacuum_cleaner	5.500	10.020
YQieNoTUa8X8_90.000_100.000.wav	Dishes	5.500	7.120
YQieNoTUa8X8_90.000_100.000.wav	Dishes	7.440	8.740
YQieNoTUa8X8_90.000_100.000.wav	Frying	5.180	9.060
YQieNoTUa8X8_90.000_100.000.wav	Speech	3.560	5.500
YQieNoTUa8X8_90.000_100.000.wav	Speech	6.800	7.440
YQieNoTUa8X8_90.000_100.000.wav	Speech	8.740	10.020
YQiFBbt-6yfU_0.000_10.000.wav	Alarm_bell_ringing	6.800	7.760
YQiFBbt-6yfU_0.000_10.000.wav	Blender	4.860	6.800
YQiFBbt-6yfU_0.000_10.000.wav	Blender	8.420	9.380
YQiFBbt-6yfU_0.000_10.000.wav	Cat	7.760	8.420
YQiFBbt-6yfU_0.000_10.000.wav	Speech	0.980	4.220
YqMDpBAs38EA_10.000_20.000.wav	Dishes	0.000	0.980
YqMDpBAs38EA_10.000_20.000.wav	Dishes	1.300	2.600
YqMDpBAs38EA_10.000_20.000.wav	Running_water	4.860	7.760
YqqCm76Jtktc_150.000_160.000.wav	Speech	1.940	4.540
YQrcL5TkDTD0_0.000_10.000.wav	Alarm_bell_ringing	3.880	7.440
YQSRjdU4XpGA_10.000_20.000.wav	Vacuum_cleaner	0.000	10.020
YQsWJOPduGT8_140.000_150.000.wav	Alarm_bell_ringing	0.000	0.340
YQsWJOPduGT8_140.000_150.000.wav	Frying	5.500	9.380
YQsWJOPduGT8_140.000_150.000.wav	Speech	0.660	1.940
YQsWJOPduGT8_140.000_150.000.wav	Speech	5.180	9.060
YQtpn66PvyUA_3.000_13.000.wav	Alarm_bell_ringing	0.000	8.080
YR-KzhZBuz-0_200.000_210.000.wav	Speech	8.100	10.020
YRA8ck5zeHM0_0.000_10.000.wav	Speech	0.980	7.440
YRA8ck5zeHM0_0.000_10.000.wav	Speech	7.760	10.020
YRDnrb0xSkrs_70.000_80.000.wav	Speech	7.120	9.700
YRe2zKQIZXE4_550.000_560.000.wav	Dishes	1.300	2.280
YRe2zKQIZXE4_550.000_560.000.wav	Dishes	7.120	8.100
YRe2zKQIZXE4_550.000_560.000.wav	Frying	1.300	3.880
YRe2zKQIZXE4_550.000_560.000.wav	Speech	0.000	1.300
YRe2zKQIZXE4_550.000_560.000.wav	Speech	2.920	7.440
YRe2zKQIZXE4_550.000_560.000.wav	Speech	7.760	9.380
YreGGOP8tYLU_0.000_10.000.wav	Speech	0.000	1.940
YreGGOP8tYLU_0.000_10.000.wav	Speech	2.280	2.920
YreGGOP8tYLU_0.000_10.000.wav	Speech	4.540	5.180
YreGGOP8tYLU_0.000_10.000.wav	Speech	8.100	10.020
YReJR84wiUdM_30.000_40.000.wav	Alarm_bell_ringing	0.000	4.220
YRF8fPkV9HNc_10.000_20.000.wav	Cat	2.280	3.240
YRF8fPkV9HNc_10.000_20.000.wav	Cat	5.180	6.800
YrgRQth5jSPU_70.000_80.000.wav	Frying	0.340	5.180
YrgRQth5jSPU_70.000_80.000.wav	Speech	0.000	0.980
YrgRQth5jSPU_70.000_80.000.wav	Speech	3.240	4.220
YrhhoC11SBi4_0.000_10.000.wav	Speech	0.000	0.660
YrhhoC11SBi4_0.000_10.000.wav	Vacuum_cleaner	0.660	6.160
YrhhoC11SBi4_0.000_10.000.wav	Vacuum_cleaner	6.480	8.420
YRi-tkp3IIic_10.000_20.000.wav	Cat	7.120	8.740
YrlifD4ysMrM_60.000_70.000.wav	Speech	0.980	3.880
YrlifD4ysMrM_60.000_70.000.wav	Speech	4.540	10.020
YrW9BQJBvEZQ_430.000_440.000.wav	Alarm_bell_ringing	2.280	3.240
YrW9BQJBvEZQ_430.000_440.000.wav	Speech	3.240	7.120
YrW9BQJBvEZQ_430.000_440.000.wav	Speech	7.440	8.100
YrW9BQJBvEZQ_430.000_440.000.wav	Speech	8.420	10.020
YRxYaU8ucFis_30.000_40.000.wav	Alarm_bell_ringing	0.660	1.940
YRxYaU8ucFis_30.000_40.000.wav	Alarm_bell_ringing	2.280	5.180
YRxYaU8ucFis_30.000_40.000.wav	Speech	0.000	0.660
YRxYaU8ucFis_30.000_40.000.wav	Speech	5.180	10.020
Ys2rKr07YOiM_110.000_120.000.wav	Speech	1.940	2.600
YsaCjCc3OaU8_60.000_70.000.wav	Running_water	0.000	10.020
YsAGJCkak8V0_60.000_70.000.wav	Dishes	3.240	6.160
YSb0169-lqLs_0.000_9.000.wav	Alarm_bell_ringing	1.320	4.240
YSBVvm2xyVLU_380.000_390.000.wav	Speech	0.000	0.980
YSBVvm2xyVLU_380.000_390.000.wav	Speech	2.600	5.500
YSBVvm2xyVLU_380.000_390.000.wav	Speech	7.760	10.020
YSC9jczwzY-k_30.000_40.000.wav	Dog	2.920	10.020
YScwMaXCZC7M_0.000_10.000.wav	Alarm_bell_ringing	0.340	0.980
YScwMaXCZC7M_0.000_10.000.wav	Alarm_bell_ringing	1.300	9.060
YScwMaXCZC7M_0.000_10.000.wav	Alarm_bell_ringing	9.380	10.020
Ysgkwq9a7mgU_0.000_10.000.wav	Running_water	0.980	6.160
Ysgkwq9a7mgU_0.000_10.000.wav	Speech	6.480	7.760
Ysgpy4uk4bB0_90.000_100.000.wav	Blender	3.560	10.020
Ysgpy4uk4bB0_90.000_100.000.wav	Speech	1.300	2.280
Ysgpy4uk4bB0_90.000_100.000.wav	Vacuum_cleaner	4.540	10.020
YsIEknQwEs8k_150.000_160.000.wav	Dishes	4.220	7.760
YsIEknQwEs8k_150.000_160.000.wav	Frying	2.280	8.100
YsIEknQwEs8k_150.000_160.000.wav	Speech	0.660	4.220
YsIEknQwEs8k_150.000_160.000.wav	Speech	7.760	9.700
YSkPEiTqLlf0_30.000_40.000.wav	Dog	1.940	3.880
YSkPEiTqLlf0_30.000_40.000.wav	Dog	4.860	7.440
YSktlw1AytXw_0.000_3.000.wav	Alarm_bell_ringing	0.700	2.100
YsnOVG0lAgkQ_470.000_480.000.wav	Dishes	6.800	7.760
YsnR9TvRupjU_0.000_10.000.wav	Alarm_bell_ringing	6.800	7.760
YsnR9TvRupjU_0.000_10.000.wav	Blender	4.860	6.800
YsnR9TvRupjU_0.000_10.000.wav	Blender	8.420	9.380
YsnR9TvRupjU_0.000_10.000.wav	Speech	0.980	4.220
YSonqbrzgxQs_6.000_16.000.wav	Alarm_bell_ringing	0.000	4.280
YSonqbrzgxQs_6.000_16.000.wav	Alarm_bell_ringing	4.600	8.880
YSoYE9FbuU7E_140.000_150.000.wav	Frying	3.240	10.020
YSoYE9FbuU7E_140.000_150.000.wav	Speech	0.660	1.940
YSoYE9FbuU7E_140.000_150.000.wav	Speech	2.280	4.220
YSoYE9FbuU7E_140.000_150.000.wav	Speech	4.540	5.500
YSSJlSadbMoE_30.000_40.000.wav	Alarm_bell_ringing	0.000	2.600
YSSJlSadbMoE_30.000_40.000.wav	Alarm_bell_ringing	3.560	6.800
YsT0c3VFcq7g_30.000_40.000.wav	Cat	1.940	2.920
YsT0c3VFcq7g_30.000_40.000.wav	Cat	4.220	5.500
YsT0c3VFcq7g_30.000_40.000.wav	Cat	7.760	9.060
YsT0c3VFcq7g_30.000_40.000.wav	Speech	0.000	0.660
YsT0c3VFcq7g_30.000_40.000.wav	Speech	3.240	4.220
YsT0c3VFcq7g_30.000_40.000.wav	Speech	5.820	6.800
YSUFOgc9Pkd8_30.000_40.000.wav	Dog	2.280	3.560
YSUFOgc9Pkd8_30.000_40.000.wav	Dog	5.820	6.800
YSUFOgc9Pkd8_30.000_40.000.wav	Speech	8.740	10.020
YsUgI8M_Ln2g_320.000_330.000.wav	Running_water	0.000	10.020
YSVyopQxDdHc_560.000_570.000.wav	Speech	0.000	1.940
YSVyopQxDdHc_560.000_570.000.wav	Speech	5.180	8.420
YSW0qQMAZKfo_30.000_40.000.wav	Dog	8.420	9.380
YsWxcqTcEWPo_330.000_340.000.wav	Speech	1.300	2.600
YsWxcqTcEWPo_330.000_340.000.wav	Speech	7.760	9.060
Yt-CiLzdNecs_1.000_11.000.wav	Alarm_bell_ringing	0.000	1.320
Yt-CiLzdNecs_1.000_11.000.wav	Alarm_bell_ringing	1.660	3.300
Yt-CiLzdNecs_1.000_11.000.wav	Alarm_bell_ringing	4.620	6.280
Yt-CiLzdNecs_1.000_11.000.wav	Alarm_bell_ringing	6.600	8.260
Yt1gy3Du69vw_320.000_330.000.wav	Frying	4.220	4.860
Yt1gy3Du69vw_320.000_330.000.wav	Frying	6.480	7.120
Yt1gy3Du69vw_320.000_330.000.wav	Frying	7.760	10.020
Yt1gy3Du69vw_320.000_330.000.wav	Speech	0.000	9.700
YT21ElXBt27A_10.000_20.000.wav	Running_water	0.000	3.560
YT21ElXBt27A_10.000_20.000.wav	Running_water	5.500	7.120
YT21ElXBt27A_10.000_20.000.wav	Running_water	7.760	10.020
YT37iu1iSh1s_410.000_420.000.wav	Running_water	7.440	8.420
YT37iu1iSh1s_410.000_420.000.wav	Speech	0.000	6.800
YT37iu1iSh1s_410.000_420.000.wav	Speech	8.420	10.020
Yt7kNT5K16js_550.000_560.000.wav	Blender	0.660	5.180
Yt7kNT5K16js_550.000_560.000.wav	Speech	7.760	10.020
Yt8V4ko2DCfc_22.000_32.000.wav	Electric_shaver_toothbrush	2.920	3.880
Yt8V4ko2DCfc_22.000_32.000.wav	Speech	0.340	1.300
Yt8V4ko2DCfc_22.000_32.000.wav	Speech	5.820	9.700
YT9RmxPrs2AY_0.000_10.000.wav	Alarm_bell_ringing	0.000	10.020
YtBoyXW9_TwU_0.000_10.000.wav	Alarm_bell_ringing	1.300	2.600
YtBoyXW9_TwU_0.000_10.000.wav	Speech	2.600	5.180
YtBoyXW9_TwU_0.000_10.000.wav	Speech	6.480	10.020
YtEFlN-xm9Rs_400.000_410.000.wav	Alarm_bell_ringing	1.300	3.240
YtEFlN-xm9Rs_400.000_410.000.wav	Speech	4.860	6.480
YtEFlN-xm9Rs_400.000_410.000.wav	Speech	9.060	10.020
YTf_mav3pAoc_30.000_40.000.wav	Speech	0.660	2.280
YTf_mav3pAoc_30.000_40.000.wav	Speech	3.560	6.480
YTf_mav3pAoc_30.000_40.000.wav	Speech	8.420	10.020
YTim7zUFj1f4_50.000_60.000.wav	Speech	0.000	2.280
YTim7zUFj1f4_50.000_60.000.wav	Speech	2.920	3.880
YTim7zUFj1f4_50.000_60.000.wav	Speech	8.100	9.700
YTM23x21Qs2Q_30.000_40.000.wav	Dog	8.420	8.740
YtMxA0pghG4k_30.000_40.000.wav	Alarm_bell_ringing	1.620	3.240
YtMxA0pghG4k_30.000_40.000.wav	Alarm_bell_ringing	5.500	8.100
YTpX4tu7GrUw_90.000_100.000.wav	Running_water	0.000	9.380
Yts8miLXKrIw_30.000_40.000.wav	Blender	6.480	9.380
YTslB1VMKXmM_10.000_20.000.wav	Running_water	0.980	5.180
YTY4tkJAQ1Qg_20.000_30.000.wav	Dog	2.600	3.900
YtYChCV0-rCA_110.000_120.000.wav	Blender	0.980	1.940
YtYChCV0-rCA_110.000_120.000.wav	Speech	7.760	9.060
YtYChCV0-rCA_110.000_120.000.wav	Speech	9.380	10.020
YU0eCWcPP798_0.000_8.000.wav	Alarm_bell_ringing	0.000	7.220
YU4LITdDmjvg_11.000_21.000.wav	Running_water	0.000	1.940
YU4LITdDmjvg_11.000_21.000.wav	Running_water	2.580	3.540
YU4LITdDmjvg_11.000_21.000.wav	Running_water	4.180	5.800
YU5udL6UCigk_100.000_110.000.wav	Speech	0.980	4.860
YU7WkuGO-lps_20.000_30.000.wav	Running_water	0.660	7.440
YU7WkuGO-lps_20.000_30.000.wav	Speech	7.440	9.380
YU8kJ9DFX6S0_140.000_150.000.wav	Running_water	0.000	2.600
YU8kJ9DFX6S0_140.000_150.000.wav	Speech	8.740	9.380
YU8kJ9DFX6S0_140.000_150.000.wav	Speech	9.700	10.020
YuA3bpAQV_hE_0.000_8.000.wav	Alarm_bell_ringing	1.660	3.320
YuA3bpAQV_hE_0.000_8.000.wav	Alarm_bell_ringing	3.660	4.980
YuA3bpAQV_hE_0.000_8.000.wav	Alarm_bell_ringing	5.320	6.640
YUAhzckt0y3U_30.000_40.000.wav	Dog	1.300	2.280
YUAhzckt0y3U_30.000_40.000.wav	Dog	2.920	3.240
YUAhzckt0y3U_30.000_40.000.wav	Dog	4.540	5.500
YUAhzckt0y3U_30.000_40.000.wav	Dog	6.800	10.020
Yuatz5FiIO7c_180.000_190.000.wav	Frying	7.120	9.700
Yuatz5FiIO7c_180.000_190.000.wav	Speech	5.820	7.440
Yuatz5FiIO7c_180.000_190.000.wav	Speech	9.700	10.020
YUbyMM3iddJA_0.000_10.000.wav	Speech	0.000	1.320
YUbyMM3iddJA_0.000_10.000.wav	Speech	4.620	5.600
YUC3J31Brgnw_22.000_32.000.wav	Speech	5.600	6.580
YUCsiHG_4wkk_0.000_10.000.wav	Alarm_bell_ringing	2.280	4.540
YUfMr4FFsS28_21.000_31.000.wav	Alarm_bell_ringing	9.240	9.900
YUfMr4FFsS28_21.000_31.000.wav	Dog	8.260	9.240
YuGbVK-U30dE_30.000_40.000.wav	Alarm_bell_ringing	0.000	1.620
YuGbVK-U30dE_30.000_40.000.wav	Alarm_bell_ringing	5.180	10.020
YUGVQvxU4bS8_0.000_10.000.wav	Frying	0.660	10.020
YUGVQvxU4bS8_0.000_10.000.wav	Speech	4.220	5.180
YUj2Os8tYIIQ_400.000_410.000.wav	Dishes	4.540	7.440
YUj2Os8tYIIQ_400.000_410.000.wav	Speech	1.300	3.560
YUj2Os8tYIIQ_400.000_410.000.wav	Speech	3.880	4.860
YUj2Os8tYIIQ_400.000_410.000.wav	Speech	7.440	9.380
YUjlwtQeFdWY_540.000_550.000.wav	Speech	1.620	5.500
YUjlwtQeFdWY_540.000_550.000.wav	Speech	5.820	7.120
YukYd1nfdJlM_60.000_70.000.wav	Running_water	4.220	10.020
YukYd1nfdJlM_60.000_70.000.wav	Speech	2.600	4.220
YUlOEjgkNdMU_10.000_20.000.wav	Dog	4.220	5.820
YUlOEjgkNdMU_10.000_20.000.wav	Dog	6.800	8.740
YUnwjHckSTDo_30.000_40.000.wav	Alarm_bell_ringing	4.860	5.500
YUnwjHckSTDo_30.000_40.000.wav	Speech	0.000	4.540
YUnwjHckSTDo_30.000_40.000.wav	Speech	5.500	10.020
YuoCay5JXnn4_0.000_10.000.wav	Running_water	3.880	8.420
YuPYNx8lT1gY_40.000_50.000.wav	Speech	1.940	3.560
YuPYNx8lT1gY_40.000_50.000.wav	Speech	9.060	10.020
YuQf7nY1wTdI_180.000_190.000.wav	Electric_shaver_toothbrush	2.920	6.480
YuQf7nY1wTdI_180.000_190.000.wav	Speech	0.980	2.920
YuQf7nY1wTdI_180.000_190.000.wav	Speech	6.800	8.100
YuQf7nY1wTdI_180.000_190.000.wav	Speech	8.740	10.020
YUQ_ikxReo4Y_20.000_30.000.wav	Frying	0.340	4.860
YUQ_ikxReo4Y_20.000_30.000.wav	Frying	5.180	10.020
YUQ_ikxReo4Y_20.000_30.000.wav	Speech	0.660	2.280
YUQ_ikxReo4Y_20.000_30.000.wav	Speech	2.600	3.880
YUQ_ikxReo4Y_20.000_30.000.wav	Speech	4.540	6.160
YUQ_ikxReo4Y_20.000_30.000.wav	Speech	6.480	10.020
YUrluLxHLwQM_110.000_120.000.wav	Speech	0.340	2.600
YUrluLxHLwQM_110.000_120.000.wav	Speech	3.560	8.420
YUrluLxHLwQM_110.000_120.000.wav	Speech	8.740	10.020
YUteKBWdkIIQ_330.000_340.000.wav	Dishes	8.740	9.700
YUteKBWdkIIQ_330.000_340.000.wav	Speech	3.240	7.120
YuUcUU6NpDUw_30.000_40.000.wav	Speech	2.600	3.880
YuUcUU6NpDUw_30.000_40.000.wav	Speech	5.500	8.740
YUWizNEHrzCY_17.000_27.000.wav	Dog	0.000	2.260
YUWizNEHrzCY_17.000_27.000.wav	Dog	2.580	4.500
YUWizNEHrzCY_17.000_27.000.wav	Dog	5.780	6.740
YV0gj0EFXIyk_250.000_260.000.wav	Electric_shaver_toothbrush	0.000	3.560
YV0gj0EFXIyk_250.000_260.000.wav	Electric_shaver_toothbrush	4.220	6.800
YV0gj0EFXIyk_250.000_260.000.wav	Electric_shaver_toothbrush	7.440	8.420
YV23UiMHeJF4_0.000_10.000.wav	Vacuum_cleaner	1.300	7.440
YV3zM2JFHN3Q_40.000_50.000.wav	Running_water	4.540	10.020
Yv8Kry1CbTkM_310.000_320.000.wav	Speech	4.220	6.480
Yv8Kry1CbTkM_310.000_320.000.wav	Speech	9.700	10.020
Yvk8iuyRv1qI_260.000_270.000.wav	Blender	0.000	10.020
YVm4c-BPmR1c_60.000_70.000.wav	Running_water	0.000	10.020
YvpWEuOJQYYs_90.000_100.000.wav	Alarm_bell_ringing	7.120	7.760
YvpWEuOJQYYs_90.000_100.000.wav	Speech	0.000	4.860
YvpWEuOJQYYs_90.000_100.000.wav	Speech	7.760	8.100
YvpWEuOJQYYs_90.000_100.000.wav	Speech	8.740	10.020
YVqxBVNBNaLc_160.000_170.000.wav	Blender	1.300	10.020
YVqxBVNBNaLc_160.000_170.000.wav	Speech	0.340	0.980
YVRXOgXfC3EU_169.000_179.000.wav	Speech	0.000	10.020
YVrZkUqz2WZI_290.000_300.000.wav	Speech	8.740	10.020
YvsDTdpTIIMM_70.000_80.000.wav	Speech	1.620	5.180
YvsDTdpTIIMM_70.000_80.000.wav	Speech	5.820	6.480
YvsDTdpTIIMM_70.000_80.000.wav	Speech	9.700	10.020
YvT8a_9ZDMH4_240.000_250.000.wav	Frying	0.340	4.220
YvT8a_9ZDMH4_240.000_250.000.wav	Speech	0.000	10.020
YVVzipNitrmk_0.000_10.000.wav	Dog	1.620	5.820
YVVzipNitrmk_0.000_10.000.wav	Dog	7.120	9.700
YVVzipNitrmk_0.000_10.000.wav	Speech	0.660	1.620
YVVzipNitrmk_0.000_10.000.wav	Speech	6.480	7.120
YVWwk76SEAno_0.000_9.000.wav	Alarm_bell_ringing	4.840	6.460
YW3dVAwDrvfc_450.000_460.000.wav	Vacuum_cleaner	5.180	10.020
Yw4-k89IIsLw_160.000_170.000.wav	Frying	2.280	7.760
Yw4-k89IIsLw_160.000_170.000.wav	Speech	0.000	10.020
Yw4_26WHfzko_30.000_40.000.wav	Running_water	0.000	8.420
YW7gn2todzbg_30.000_40.000.wav	Alarm_bell_ringing	0.000	1.940
YwAl_7IDYfVc_160.000_170.000.wav	Blender	5.820	7.440
YwAl_7IDYfVc_160.000_170.000.wav	Speech	0.340	1.620
YwBqBVtBHDTE_30.000_40.000.wav	Alarm_bell_ringing	0.000	7.760
YWcPOGKf6RE8_110.000_120.000.wav	Dog	0.980	2.280
YWcPOGKf6RE8_110.000_120.000.wav	Dog	6.480	7.120
YWcPOGKf6RE8_110.000_120.000.wav	Dog	7.440	8.740
YWdIsOZQHeBY_30.000_40.000.wav	Dog	0.000	2.920
YWdIsOZQHeBY_30.000_40.000.wav	Dog	3.560	6.480
YWdIsOZQHeBY_30.000_40.000.wav	Dog	7.120	8.740
YWEcspBO2MkA_10.000_20.000.wav	Blender	2.280	5.180
YWEcspBO2MkA_10.000_20.000.wav	Speech	5.180	8.100
YWEcspBO2MkA_10.000_20.000.wav	Speech	8.420	9.380
YWGqz-OVwLGs_40.000_50.000.wav	Vacuum_cleaner	0.000	10.020
YWGYzVpMeSEg_210.000_220.000.wav	Vacuum_cleaner	0.000	10.020
YwHoSjefsmsE_340.000_350.000.wav	Electric_shaver_toothbrush	4.540	6.480
YwHoSjefsmsE_340.000_350.000.wav	Speech	1.620	3.240
YWi6ef91IiUg_490.000_500.000.wav	Alarm_bell_ringing	0.000	10.020
YwK3BpK1-Apw_30.000_40.000.wav	Electric_shaver_toothbrush	0.340	1.620
YwK3BpK1-Apw_30.000_40.000.wav	Electric_shaver_toothbrush	7.440	8.100
YwK3BpK1-Apw_30.000_40.000.wav	Speech	5.500	6.800
YwMXiOt2HHUw_20.000_30.000.wav	Vacuum_cleaner	0.000	10.020
YWOOmuXh_lXA_290.000_300.000.wav	Frying	0.000	10.020
YWOOmuXh_lXA_290.000_300.000.wav	Speech	0.000	0.980
YWOOmuXh_lXA_290.000_300.000.wav	Speech	2.600	5.820
YWOOmuXh_lXA_290.000_300.000.wav	Speech	6.480	8.420
YWQ3nvU44-3E_380.000_390.000.wav	Alarm_bell_ringing	8.740	9.380
YWQ3nvU44-3E_380.000_390.000.wav	Speech	0.000	0.660
YWQ3nvU44-3E_380.000_390.000.wav	Speech	1.620	4.220
YWQ3nvU44-3E_380.000_390.000.wav	Speech	4.860	7.440
YWQ3nvU44-3E_380.000_390.000.wav	Speech	9.380	10.020
YwqfXKhIzSNo_110.000_120.000.wav	Speech	0.000	0.980
YwqfXKhIzSNo_110.000_120.000.wav	Speech	5.180	10.020
YwRgusJ3Jil0_30.000_40.000.wav	Frying	0.000	1.940
YwRgusJ3Jil0_30.000_40.000.wav	Speech	0.000	0.660
YwRgusJ3Jil0_30.000_40.000.wav	Speech	0.980	8.740
YwRgusJ3Jil0_30.000_40.000.wav	Speech	9.060	10.020
YWubFWxjQrC4_20.000_30.000.wav	Alarm_bell_ringing	7.440	10.020
YWubFWxjQrC4_20.000_30.000.wav	Running_water	0.000	3.240
YWVIsVp-7Jjc_19.000_29.000.wav	Alarm_bell_ringing	0.000	0.660
YWVIsVp-7Jjc_19.000_29.000.wav	Alarm_bell_ringing	0.980	1.940
YWVIsVp-7Jjc_19.000_29.000.wav	Alarm_bell_ringing	2.280	2.920
YWVIsVp-7Jjc_19.000_29.000.wav	Alarm_bell_ringing	3.240	7.120
YWVIsVp-7Jjc_19.000_29.000.wav	Alarm_bell_ringing	7.440	9.060
YWVIsVp-7Jjc_19.000_29.000.wav	Alarm_bell_ringing	9.380	10.020
YWvRyg95cUIQ_150.000_160.000.wav	Electric_shaver_toothbrush	0.000	6.800
YWvRyg95cUIQ_150.000_160.000.wav	Speech	8.420	10.020
YWzmlUCUX6WM_70.000_80.000.wav	Running_water	0.000	1.620
YWzmlUCUX6WM_70.000_80.000.wav	Speech	1.940	2.920
YWzmlUCUX6WM_70.000_80.000.wav	Speech	6.480	8.100
YX-eWpQTv0Yc_210.000_220.000.wav	Speech	0.980	4.220
YX-eWpQTv0Yc_210.000_220.000.wav	Speech	5.180	10.020
YX-jJxA53SFI_130.000_140.000.wav	Speech	6.160	9.060
Yx08TBhoCjQg_260.000_270.000.wav	Speech	0.000	1.620
Yx08TBhoCjQg_260.000_270.000.wav	Speech	3.240	5.500
Yx08TBhoCjQg_260.000_270.000.wav	Speech	5.820	10.020
Yx2UwwIt87F8_270.000_280.000.wav	Frying	0.000	10.020
Yx2UwwIt87F8_270.000_280.000.wav	Speech	1.300	2.920
Yx2UwwIt87F8_270.000_280.000.wav	Speech	3.560	4.220
Yx2UwwIt87F8_270.000_280.000.wav	Speech	4.540	5.500
Yx2UwwIt87F8_270.000_280.000.wav	Speech	6.160	9.700
YxduQyXSEDAc_60.000_70.000.wav	Running_water	1.620	5.180
YXecb_5XO81Q_10.000_20.000.wav	Dog	0.980	1.620
YXecb_5XO81Q_10.000_20.000.wav	Dog	1.940	2.600
YXecb_5XO81Q_10.000_20.000.wav	Dog	6.800	7.440
YXHKAWWnw4aQ_130.000_140.000.wav	Dishes	9.060	9.700
YXHKAWWnw4aQ_130.000_140.000.wav	Frying	2.600	4.860
YXHKAWWnw4aQ_130.000_140.000.wav	Frying	5.180	6.800
YXHKAWWnw4aQ_130.000_140.000.wav	Speech	0.000	5.500
YXHKAWWnw4aQ_130.000_140.000.wav	Speech	6.800	9.060
YXHKAWWnw4aQ_130.000_140.000.wav	Speech	9.700	10.020
YXik6KV1fiMg_210.000_220.000.wav	Electric_shaver_toothbrush	0.000	9.700
YXik6KV1fiMg_210.000_220.000.wav	Speech	9.380	10.020
YXJsXMIlnWJo_20.000_30.000.wav	Alarm_bell_ringing	1.940	2.280
YXJsXMIlnWJo_20.000_30.000.wav	Alarm_bell_ringing	8.100	10.020
YXJsXMIlnWJo_20.000_30.000.wav	Speech	0.000	7.760
YXO1wG3ne_Cw_30.000_40.000.wav	Dog	5.500	7.440
YXqbh1sm95w4_240.000_250.000.wav	Electric_shaver_toothbrush	3.880	9.380
YXqbh1sm95w4_240.000_250.000.wav	Speech	2.280	3.880
YXwhCwPTpKQw_400.000_410.000.wav	Running_water	1.620	4.860
YxwQh1sOc1YE_10.000_20.000.wav	Running_water	0.000	10.020
YXZhLMTOmM9w_30.000_40.000.wav	Cat	0.000	0.340
YXZhLMTOmM9w_30.000_40.000.wav	Cat	0.980	2.280
YXZhLMTOmM9w_30.000_40.000.wav	Cat	4.860	6.480
YXZhLMTOmM9w_30.000_40.000.wav	Cat	7.440	10.020
YXzRoWpGfCFE_410.000_420.000.wav	Alarm_bell_ringing	0.000	2.280
YXzRoWpGfCFE_410.000_420.000.wav	Alarm_bell_ringing	2.600	6.800
YXzRoWpGfCFE_410.000_420.000.wav	Speech	8.100	9.700
Yy4E6tNhxeFo_12.000_22.000.wav	Alarm_bell_ringing	1.300	3.220
Yy4E6tNhxeFo_12.000_22.000.wav	Alarm_bell_ringing	5.480	8.060
YY7KoFD3AEx8_74.000_84.000.wav	Speech	0.000	3.240
YY7KoFD3AEx8_74.000_84.000.wav	Speech	5.180	7.120
YY7KoFD3AEx8_74.000_84.000.wav	Speech	7.440	9.060
YYdTpp_Z_8Fo_52.000_62.000.wav	Speech	8.740	10.020
YYlLqWCeiVPw_30.000_40.000.wav	Cat	2.920	3.880
YYmW1NLRYTRA_270.000_280.000.wav	Speech	0.660	3.880
YYmW1NLRYTRA_270.000_280.000.wav	Speech	4.220	8.100
YYn2KgQjK5R4_200.000_210.000.wav	Running_water	2.600	6.800
YYqU9Dg5G6QA_6.000_16.000.wav	Alarm_bell_ringing	0.660	6.880
YySP__fCD5AQ_20.000_30.000.wav	Running_water	0.340	1.620
YySP__fCD5AQ_20.000_30.000.wav	Running_water	3.240	10.020
Yyu3ov27D928_30.000_40.000.wav	Vacuum_cleaner	0.000	10.020
YyU50qUMbobE_180.000_190.000.wav	Speech	0.000	2.600
YyU50qUMbobE_180.000_190.000.wav	Vacuum_cleaner	3.880	10.020
YYxYnXDP_Oyc_280.000_290.000.wav	Frying	0.340	10.020
YYxYnXDP_Oyc_280.000_290.000.wav	Speech	0.000	0.660
YYxYnXDP_Oyc_280.000_290.000.wav	Speech	7.440	10.020
YYYgdY9YrVBs_340.000_350.000.wav	Running_water	3.880	7.120
YZ0IOolSgtNg_30.000_40.000.wav	Speech	5.500	6.480
YZ0IOolSgtNg_30.000_40.000.wav	Speech	8.420	9.060
YzcfvCrX-Lts_130.000_140.000.wav	Speech	1.940	3.240
YzcfvCrX-Lts_130.000_140.000.wav	Speech	3.880	6.160
YzF_6B6QIYdA_20.000_30.000.wav	Electric_shaver_toothbrush	1.620	5.820
YzF_6B6QIYdA_20.000_30.000.wav	Speech	0.000	0.980
YzF_6B6QIYdA_20.000_30.000.wav	Speech	5.820	10.020
Yzh4tznWde1M_330.000_340.000.wav	Alarm_bell_ringing	1.620	1.940
YZhhGkqjCNsM_30.000_40.000.wav	Alarm_bell_ringing	3.240	4.860
YZhhGkqjCNsM_30.000_40.000.wav	Speech	0.980	3.240
YZhhGkqjCNsM_30.000_40.000.wav	Speech	6.800	7.760
YZhhGkqjCNsM_30.000_40.000.wav	Speech	8.100	10.020
YZLX7NZF2-KE_340.000_350.000.wav	Speech	0.000	6.160
YZLX7NZF2-KE_340.000_350.000.wav	Speech	6.480	6.800
YZLX7NZF2-KE_340.000_350.000.wav	Speech	7.120	7.760
YZRBWFeHPegQ_220.000_230.000.wav	Blender	2.280	10.020
YZRQ3vw3wNQ0_10.000_20.000.wav	Speech	0.000	0.660
YZRQ3vw3wNQ0_10.000_20.000.wav	Vacuum_cleaner	2.280	10.020
YZt-2s6YGPOE_440.000_450.000.wav	Speech	9.060	10.020
YZtCwrMvS6Eg_20.000_30.000.wav	Speech	0.340	1.620
YZtCwrMvS6Eg_20.000_30.000.wav	Speech	4.540	6.160
YZtCwrMvS6Eg_20.000_30.000.wav	Speech	6.800	10.020
YzTyDJurqO-Q_200.000_210.000.wav	Frying	2.280	10.020
YzTyDJurqO-Q_200.000_210.000.wav	Speech	0.000	0.660
YzTyDJurqO-Q_200.000_210.000.wav	Speech	0.980	2.280
YzTyDJurqO-Q_200.000_210.000.wav	Speech	2.920	3.560
YzTyDJurqO-Q_200.000_210.000.wav	Speech	4.220	7.120
YzTyDJurqO-Q_200.000_210.000.wav	Speech	7.760	10.020
YZxWfqAhmnpg_50.000_60.000.wav	Running_water	1.940	6.800
YZyJMdv7sXnU_550.000_560.000.wav	Blender	0.000	3.560
YZyJMdv7sXnU_550.000_560.000.wav	Speech	3.560	10.020
YzY_7jujh3t4_300.000_310.000.wav	Frying	0.000	10.020
YzY_7jujh3t4_300.000_310.000.wav	Speech	1.620	5.820
Y_AfYlb7oEsg_330.000_340.000.wav	Frying	2.280	4.220
Y_AfYlb7oEsg_330.000_340.000.wav	Speech	0.000	0.980
Y_AfYlb7oEsg_330.000_340.000.wav	Speech	4.540	6.800
Y_AfYlb7oEsg_330.000_340.000.wav	Speech	9.060	9.700
Y_eLVrgvrVBQ_20.000_30.000.wav	Vacuum_cleaner	0.000	10.020
Y_gQFB_Utuf0_30.000_40.000.wav	Cat	0.980	1.620
Y_iL8G7GTNo0_580.000_590.000.wav	Running_water	4.540	7.120
Y_iL8G7GTNo0_580.000_590.000.wav	Speech	7.440	9.700
Y_Uf47SnKl5Q_30.000_40.000.wav	Dishes	4.860	7.120
Y_WQV7YjYrX0_470.000_480.000.wav	Electric_shaver_toothbrush	4.860	7.440
Y_WQV7YjYrX0_470.000_480.000.wav	Electric_shaver_toothbrush	7.760	8.740
Y_WQV7YjYrX0_470.000_480.000.wav	Speech	8.740	10.020
Y_WQV7YjYrX0_470.000_480.000.wav	Vacuum_cleaner	0.000	4.860
Y_ZZpAj4rIRk_80.000_90.000.wav	Alarm_bell_ringing	0.000	6.160
Y_ZZpAj4rIRk_80.000_90.000.wav	Alarm_bell_ringing	6.480	10.020
Y__p-iA312kg_70.000_80.000.wav	Dog	1.940	2.600
Y__p-iA312kg_70.000_80.000.wav	Dog	3.560	4.540
Y__p-iA312kg_70.000_80.000.wav	Dog	5.820	6.800
Y__p-iA312kg_70.000_80.000.wav	Dog	7.440	8.420
